{
  "id": 2623,
  "name_a": 39,
  "name_b": 0.49053320637463277,
  "name_c": "cai5z+A=",
  "name_name": "22",
  "children_1_id": 3742,
  "children_1_name_a": 37,
  "children_1_name_b": 0.19319664789046936,
  "children_1_name_c": "Me/KKPY=",
  "children_1_name_name": "50",
  "children_1_children_1_id": 1551,
  "children_1_children_1_name_a": 47,
  "children_1_children_1_name_b": 0.6935373953047849,
  "children_1_children_1_name_c": "qkGkMwY=",
  "children_1_children_1_name_name": "9",
  "children_1_children_2_id": 4087,
  "children_1_children_2_name_a": 5,
  "children_1_children_2_name_b": 0.42905938319352427,
  "children_1_children_2_name_c": "VQ+yH6o=",
  "children_1_children_2_name_name": "84",
  "children_1_children_3_id": 614,
  "children_1_children_3_name_a": 19,
  "children_1_children_3_name_b": 0.7610801005554758,
  "children_1_children_3_name_c": "czjTK1s=",
  "children_1_children_3_name_name": "11",
  "children_2_id": 3382,
  "children_2_name_a": 9,
  "children_2_name_b": 0.36416331043660793,
  "children_2_name_c": "lnoHrd0=",
  "children_2_name_name": "59",
  "children_2_children_1_id": 4354,
  "children_2_children_1_name_a": 17,
  "children_2_children_1_name_b": 0.8741648112769075,
  "children_2_children_1_name_c": "CD2i2I0=",
  "children_2_children_1_name_name": "24",
  "children_2_children_2_id": 2533,
  "children_2_children_2_name_a": 52,
  "children_2_children_2_name_b": 0.8839575992356788,
  "children_2_children_2_name_c": "BxFEzVI=",
  "children_2_children_2_name_name": "60",
  "children_2_children_3_id": 5733,
  "children_2_children_3_name_a": 4,
  "children_2_children_3_name_b": 0.7230552787534219,
  "children_2_children_3_name_c": "Un7lJGM=",
  "children_2_children_3_name_name": "30",
  "children_3_id": 9614,
  "children_3_name_a": 81,
  "children_3_name_b": 0.4015882813379114,
  "children_3_name_c": "dKgyRZk=",
  "children_3_name_name": "63",
  "children_3_children_1_id": 7831,
  "children_3_children_1_name_a": 81,
  "children_3_children_1_name_b": 0.2784254314743101,
  "children_3_children_1_name_c": "xZur64o=",
  "children_3_children_1_name_name": "94",
  "children_3_children_2_id": 6293,
  "children_3_children_2_name_a": 73,
  "children_3_children_2_name_b": 0.32629523068959604,
  "children_3_children_2_name_c": "lMkosP4=",
  "children_3_children_2_name_name": "93",
  "children_3_children_3_id": 5253,
  "children_3_children_3_name_a": 13,
  "children_3_children_3_name_b": 0.19240453242901923,
  "children_3_children_3_name_c": "oOPZ3tA="
}