{
  "age": 23,
  "eyeColor": "brown",
  "name": "Lara Lynch",
  "data_1_balance": "$1,922.25",
  "data_1_picture": "http://placehold.it/32x32",
  "data_1_age": 23,
  "data_1_eyeColor": "brown",
  "data_1_name": "Lara Lynch",
  "data_1_tags": "labore,mollit,consectetur,irure,aliqua,labore,ullamco",
  "data_1_friends_1_id": 0,
  "data_1_friends_1_name": "Jami Navarro",
  "data_1_friends_1_friends_1_id": 0,
  "data_1_friends_1_friends_1_name": "Tammie Hancock",
  "data_1_friends_1_friends_2_id": 1,
  "data_1_friends_1_friends_2_name": "Butler Tran",
  "data_1_friends_1_friends_3_id": 2,
  "data_1_friends_1_friends_3_name": "Jewell Morgan",
  "data_1_friends_2_id": 1,
  "data_1_friends_2_name": "Guerra Bond",
  "data_1_friends_2_friends_1_id": 0,
  "data_1_friends_2_friends_1_name": "Mcfadden Witt",
  "data_1_friends_2_friends_2_id": 1,
  "data_1_friends_2_friends_2_name": "Shelley Nicholson",
  "data_1_friends_2_friends_3_id": 2,
  "data_1_friends_2_friends_3_name": "Jane Spears",
  "data_1_friends_3_id": 2,
  "data_1_friends_3_name": "Hays Roy",
  "data_1_friends_3_friends_1_id": 0,
  "data_1_friends_3_friends_1_name": "Hickman Maynard",
  "data_1_friends_3_friends_2_id": 1,
  "data_1_friends_3_friends_2_name": "Joan Barlow",
  "data_1_friends_3_friends_3_id": 2,
  "data_1_friends_3_friends_3_name": "Garcia Monroe",
  "data_1_greeting": "Hello, Lara Lynch! You have 1 unread messages.",
  "data_1_favoriteFruit": "apple",
  "data_2_balance": "$2,486.17",
  "data_2_picture": "http://placehold.it/32x32",
  "data_2_age": 39,
  "data_2_eyeColor": "green",
  "data_2_name": "Mckee Huber",
  "data_2_tags": "sit,magna,qui,quis,quis,ipsum,incididunt",
  "data_2_friends_1_id": 0,
  "data_2_friends_1_name": "Ballard Ramirez",
  "data_2_friends_1_friends_1_id": 0,
  "data_2_friends_1_friends_1_name": "Pearlie Wolfe",
  "data_2_friends_1_friends_2_id": 1,
  "data_2_friends_1_friends_2_name": "Espinoza Rice",
  "data_2_friends_1_friends_3_id": 2,
  "data_2_friends_1_friends_3_name": "Jeannette Salazar",
  "data_2_friends_2_id": 1,
  "data_2_friends_2_name": "Rachelle Mcdowell",
  "data_2_friends_2_friends_1_id": 0,
  "data_2_friends_2_friends_1_name": "Jeanine Burks",
  "data_2_friends_2_friends_2_id": 1,
  "data_2_friends_2_friends_2_name": "Reid Acosta",
  "data_2_friends_2_friends_3_id": 2,
  "data_2_friends_2_friends_3_name": "Kent Erickson",
  "data_2_friends_3_id": 2,
  "data_2_friends_3_name": "Klein Case",
  "data_2_friends_3_friends_1_id": 0,
  "data_2_friends_3_friends_1_name": "Dollie West",
  "data_2_friends_3_friends_2_id": 1,
  "data_2_friends_3_friends_2_name": "Langley Griffin",
  "data_2_friends_3_friends_3_id": 2,
  "data_2_friends_3_friends_3_name": "Angelia Stewart",
  "data_2_greeting": "Hello, Mckee Huber! You have 2 unread messages.",
  "data_2_favoriteFruit": "strawberry",
  "data_3_balance": "$3,962.30",
  "data_3_picture": "http://placehold.it/32x32",
  "data_3_age": 32,
  "data_3_eyeColor": "blue",
  "data_3_name": "Wilder Vinson",
  "data_3_tags": "sunt,do,sint,amet,laborum,pariatur,ex",
  "data_3_friends_1_id": 0,
  "data_3_friends_1_name": "Bridges Wilson",
  "data_3_friends_1_friends_1_id": 0,
  "data_3_friends_1_friends_1_name": "Marylou Hyde",
  "data_3_friends_1_friends_2_id": 1,
  "data_3_friends_1_friends_2_name": "Olga Cortez",
  "data_3_friends_1_friends_3_id": 2,
  "data_3_friends_1_friends_3_name": "Jessie George",
  "data_3_friends_2_id": 1,
  "data_3_friends_2_name": "Mendez Slater",
  "data_3_friends_2_friends_1_id": 0,
  "data_3_friends_2_friends_1_name": "Gay Orr",
  "data_3_friends_2_friends_2_id": 1,
  "data_3_friends_2_friends_2_name": "Renee Calderon",
  "data_3_friends_2_friends_3_id": 2,
  "data_3_friends_2_friends_3_name": "Ann Moss",
  "data_3_friends_3_id": 2,
  "data_3_friends_3_name": "Olivia Bentley",
  "data_3_friends_3_friends_1_id": 0,
  "data_3_friends_3_friends_1_name": "Sherri Lee",
  "data_3_friends_3_friends_2_id": 1,
  "data_3_friends_3_friends_2_name": "Tanya Stark",
  "data_3_friends_3_friends_3_id": 2,
  "data_3_friends_3_friends_3_name": "Battle Petty",
  "data_3_greeting": "Hello, Wilder Vinson! You have 8 unread messages.",
  "data_3_favoriteFruit": "banana",
  "data_4_balance": "$3,907.37",
  "data_4_picture": "http://placehold.it/32x32",
  "data_4_age": 35,
  "data_4_eyeColor": "brown",
  "data_4_name": "Baxter Ellison",
  "data_4_tags": "tempor,excepteur,duis,qui,ullamco,quis,ea",
  "data_4_friends_1_id": 0,
  "data_4_friends_1_name": "Meagan Rowland",
  "data_4_friends_1_friends_1_id": 0,
  "data_4_friends_1_friends_1_name": "Stewart Durham",
  "data_4_friends_1_friends_2_id": 1,
  "data_4_friends_1_friends_2_name": "Dean Norton",
  "data_4_friends_1_friends_3_id": 2,
  "data_4_friends_1_friends_3_name": "Lewis Bryan",
  "data_4_friends_2_id": 1,
  "data_4_friends_2_name": "Dyer Holcomb",
  "data_4_friends_2_friends_1_id": 0,
  "data_4_friends_2_friends_1_name": "Peterson Santana",
  "data_4_friends_2_friends_2_id": 1,
  "data_4_friends_2_friends_2_name": "Mccall Rollins",
  "data_4_friends_2_friends_3_id": 2,
  "data_4_friends_2_friends_3_name": "Mavis Trujillo",
  "data_4_friends_3_id": 2,
  "data_4_friends_3_name": "Gross Byrd",
  "data_4_friends_3_friends_1_id": 0,
  "data_4_friends_3_friends_1_name": "Huff Rodgers",
  "data_4_friends_3_friends_2_id": 1,
  "data_4_friends_3_friends_2_name": "Sheri Harrison",
  "data_4_friends_3_friends_3_id": 2,
  "data_4_friends_3_friends_3_name": "Adkins Conley",
  "data_4_greeting": "Hello, Baxter Ellison! You have 5 unread messages.",
  "data_4_favoriteFruit": "apple",
  "data_5_balance": "$3,428.33",
  "data_5_picture": "http://placehold.it/32x32",
  "data_5_age": 35,
  "data_5_eyeColor": "green",
  "data_5_name": "Hawkins Bradford",
  "data_5_tags": "fugiat,tempor,laborum,voluptate,culpa,nulla,ex",
  "data_5_friends_1_id": 0,
  "data_5_friends_1_name": "Huffman Small",
  "data_5_friends_1_friends_1_id": 0,
  "data_5_friends_1_friends_1_name": "Robert Hammond",
  "data_5_friends_1_friends_2_id": 1,
  "data_5_friends_1_friends_2_name": "Johnson Meyers",
  "data_5_friends_1_friends_3_id": 2,
  "data_5_friends_1_friends_3_name": "Mccullough Pena",
  "data_5_friends_2_id": 1,
  "data_5_friends_2_name": "Darcy Davenport",
  "data_5_friends_2_friends_1_id": 0,
  "data_5_friends_2_friends_1_name": "Juarez Miranda",
  "data_5_friends_2_friends_2_id": 1,
  "data_5_friends_2_friends_2_name": "Newman Rivas",
  "data_5_friends_2_friends_3_id": 2,
  "data_5_friends_2_friends_3_name": "Amber Walls",
  "data_5_friends_3_id": 2,
  "data_5_friends_3_name": "Taylor Stafford",
  "data_5_friends_3_friends_1_id": 0,
  "data_5_friends_3_friends_1_name": "Rowe Glenn",
  "data_5_friends_3_friends_2_id": 1,
  "data_5_friends_3_friends_2_name": "Angel Heath",
  "data_5_friends_3_friends_3_id": 2,
  "data_5_friends_3_friends_3_name": "Ruth Frost",
  "data_5_greeting": "Hello, Hawkins Bradford! You have 9 unread messages.",
  "data_5_favoriteFruit": "strawberry",
  "data_6_balance": "$3,072.65",
  "data_6_picture": "http://placehold.it/32x32",
  "data_6_age": 40,
  "data_6_eyeColor": "brown",
  "data_6_name": "Lucy Kirby",
  "data_6_tags": "nulla,voluptate,minim,veniam,ea,culpa,aliqua",
  "data_6_friends_1_id": 0,
  "data_6_friends_1_name": "Marisa Albert",
  "data_6_friends_1_friends_1_id": 0,
  "data_6_friends_1_friends_1_name": "Morgan Weber",
  "data_6_friends_1_friends_2_id": 1,
  "data_6_friends_1_friends_2_name": "Joni Whitehead",
  "data_6_friends_1_friends_3_id": 2,
  "data_6_friends_1_friends_3_name": "Allyson Simpson",
  "data_6_friends_2_id": 1,
  "data_6_friends_2_name": "Kramer Calhoun",
  "data_6_friends_2_friends_1_id": 0,
  "data_6_friends_2_friends_1_name": "Zamora Browning",
  "data_6_friends_2_friends_2_id": 1,
  "data_6_friends_2_friends_2_name": "Petty Hartman",
  "data_6_friends_2_friends_3_id": 2,
  "data_6_friends_2_friends_3_name": "Tyson Serrano",
  "data_6_friends_3_id": 2,
  "data_6_friends_3_name": "Elnora Saunders",
  "data_6_friends_3_friends_1_id": 0,
  "data_6_friends_3_friends_1_name": "Mcneil Morales",
  "data_6_friends_3_friends_2_id": 1,
  "data_6_friends_3_friends_2_name": "Walter Beach",
  "data_6_friends_3_friends_3_id": 2,
  "data_6_friends_3_friends_3_name": "Karyn Frederick",
  "data_6_greeting": "Hello, Lucy Kirby! You have 3 unread messages.",
  "data_6_favoriteFruit": "apple",
  "data_7_balance": "$2,170.62",
  "data_7_picture": "http://placehold.it/32x32",
  "data_7_age": 23,
  "data_7_eyeColor": "green",
  "data_7_name": "Lily Guzman",
  "data_7_tags": "est,incididunt,irure,enim,officia,nulla,occaecat",
  "data_7_friends_1_id": 0,
  "data_7_friends_1_name": "Marla Bruce",
  "data_7_friends_1_friends_1_id": 0,
  "data_7_friends_1_friends_1_name": "Gaines Fulton",
  "data_7_friends_1_friends_2_id": 1,
  "data_7_friends_1_friends_2_name": "Hardy Santos",
  "data_7_friends_1_friends_3_id": 2,
  "data_7_friends_1_friends_3_name": "Terry Delgado",
  "data_7_friends_2_id": 1,
  "data_7_friends_2_name": "Shepard Glover",
  "data_7_friends_2_friends_1_id": 0,
  "data_7_friends_2_friends_1_name": "Dorthy Mills",
  "data_7_friends_2_friends_2_id": 1,
  "data_7_friends_2_friends_2_name": "Martina White",
  "data_7_friends_2_friends_3_id": 2,
  "data_7_friends_2_friends_3_name": "Constance Roman",
  "data_7_friends_3_id": 2,
  "data_7_friends_3_name": "Bernadette Anderson",
  "data_7_friends_3_friends_1_id": 0,
  "data_7_friends_3_friends_1_name": "Schmidt Lester",
  "data_7_friends_3_friends_2_id": 1,
  "data_7_friends_3_friends_2_name": "Pitts Oliver",
  "data_7_friends_3_friends_3_id": 2,
  "data_7_friends_3_friends_3_name": "Valentine Sosa",
  "data_7_greeting": "Hello, Lily Guzman! You have 4 unread messages."
}