{
  "data_1_Prop1": "$1,922.25",
  "data_1_Prop2": "http://placehold.it/32x32",
  "data_1_Prop3": 23,
  "data_1_Prop4": "labore,mollit,consectetur,irure,aliqua,labore,ullamco",
  "data_1_Prop5_1_Prop6": 0,
  "data_1_Prop5_1_Prop7": "Jami Navarro",
  "data_1_Prop5_1_Prop8_1_Prop9": 0,
  "data_1_Prop5_1_Prop8_1_Prop10": "Tammie Hancock",
  "data_1_Prop5_1_Prop8_2_Prop9": 1,
  "data_1_Prop5_1_Prop8_2_Prop10": "Butler Tran",
  "data_1_Prop5_1_Prop8_3_Prop9": 2,
  "data_1_Prop5_1_Prop8_3_Prop10": "Jewell Morgan",
  "data_1_Prop11_1_Prop12": 100,
  "data_1_Prop11_1_Prop13": "Tammie Hancock2",
  "data_1_Prop11_2_Prop12": 101,
  "data_1_Prop11_2_Prop13": "Butler Tran2",
  "data_1_Prop11_3_Prop12": 102,
  "data_1_Prop11_3_Prop13": "Jewell Morgan2",
  "data_1_Prop14": "Hello, Lara Lynch! You have 1 unread messages.",
  "data_1_Prop15": "apple",
  "data_2_Prop1": "$1,922.25",
  "data_2_Prop3": 23,
  "data_2_Prop4": "labore,mollit,consectetur,irure,aliqua,labore,ullamco",
  "data_2_Prop5_1_Prop6": 0,
  "data_2_Prop5_1_Prop7": "Jami Navarro",
  "data_2_Prop5_1_Prop8_1_Prop9": 0,
  "data_2_Prop5_1_Prop8_1_Prop10": "Tammie Hancock",
  "data_2_Prop5_1_Prop8_2_Prop9": 1,
  "data_2_Prop5_1_Prop8_2_Prop10": "Butler Tran",
  "data_2_Prop11_1_Prop12": 100,
  "data_2_Prop11_1_Prop13": "Tammie Hancock2",
  "data_2_Prop11_2_Prop12": 101,
  "data_2_Prop11_2_Prop13": "Butler Tran2",
  "data_2_Prop15": "apple",
  "Prop16": 23,
  "Prop17": "brown"
}