{
  "quiz_sport_q1_question": "Which one is correct team name in NBA?",
  "quiz_sport_q1_options": "New York Bulls,Los Angeles Kings,Golden State Warriros,Huston Rocket",
  "quiz_sport_q1_answer": "Huston Rocket",
  "quiz_maths_q1_question": "5 + 7 = ?",
  "quiz_maths_q1_options": "10,11,12,13",
  "quiz_maths_q1_answer": "12",
  "quiz_maths_q2_question": "12 - 8 = ?",
  "quiz_maths_q2_options": "1,2,3,4",
  "quiz_maths_q2_answer": "4",
  "quiz_maths_Chemistry_q3_question": "5 + 7 = ?",
  "quiz_maths_Chemistry_q3_options": "10,11,12,13",
  "quiz_maths_Chemistry_q3_answer": "12",
  "quiz_maths_Chemistry_q4_question": "12 - 8 = ?",
  "quiz_maths_Chemistry_q4_options": "1,2,3,4"
}