{
  "1_WHO": "Joe",
  "1_WEEK_1_NUMBER": 3,
  "1_WEEK_1_EXPENSE_1_WHAT": "Beer",
  "1_WEEK_1_EXPENSE_1_AMOUNT": 18.0,
  "1_WEEK_1_EXPENSE_2_WHAT": "Food",
  "1_WEEK_1_EXPENSE_2_AMOUNT": 12.0,
  "1_WEEK_1_EXPENSE_3_WHAT": "Food",
  "1_WEEK_1_EXPENSE_3_AMOUNT": 19.0,
  "1_WEEK_1_EXPENSE_4_WHAT": "Car",
  "1_WEEK_1_EXPENSE_4_AMOUNT": 20.0,
  "1_WEEK_2_NUMBER": 4,
  "1_WEEK_2_EXPENSE_1_WHAT": "Beer",
  "1_WEEK_2_EXPENSE_1_AMOUNT": 19.0,
  "1_WEEK_2_EXPENSE_2_WHAT": "Beer",
  "1_WEEK_2_EXPENSE_2_AMOUNT": 16.0,
  "1_WEEK_2_EXPENSE_3_WHAT": "Food",
  "1_WEEK_2_EXPENSE_3_AMOUNT": 17.0,
  "1_WEEK_2_EXPENSE_4_WHAT": "Food",
  "1_WEEK_2_EXPENSE_4_AMOUNT": 17.0,
  "1_WEEK_2_EXPENSE_5_WHAT": "Beer",
  "1_WEEK_2_EXPENSE_5_AMOUNT": 14.0,
  "1_WEEK_3_NUMBER": 5,
  "1_WEEK_3_EXPENSE_1_WHAT": "Beer",
  "1_WEEK_3_EXPENSE_1_AMOUNT": 14.0,
  "1_WEEK_3_EXPENSE_2_WHAT": "Food",
  "1_WEEK_3_EXPENSE_2_AMOUNT": 12.0,
  "2_WHO": "Beth",
  "2_WEEK_1_NUMBER": 3,
  "2_WEEK_1_EXPENSE_1_WHAT": "Beer",
  "2_WEEK_1_EXPENSE_1_AMOUNT": 16.0,
  "2_WEEK_2_NUMBER": 4,
  "2_WEEK_2_EXPENSE_1_WHAT": "Food",
  "2_WEEK_2_EXPENSE_1_AMOUNT": 17.0,
  "2_WEEK_2_EXPENSE_2_WHAT": "Beer",
  "2_WEEK_2_EXPENSE_2_AMOUNT": 15.0,
  "2_WEEK_3_NUMBER": 5,
  "2_WEEK_3_EXPENSE_1_WHAT": "Food",
  "2_WEEK_3_EXPENSE_1_AMOUNT": 12.0,
  "2_WEEK_3_EXPENSE_2_WHAT": "Beer",
  "2_WEEK_3_EXPENSE_2_AMOUNT": 20.0,
  "3_WHO": "Janet",
  "3_WEEK_1_NUMBER": 3,
  "3_WEEK_1_EXPENSE_1_WHAT": "Car",
  "3_WEEK_1_EXPENSE_1_AMOUNT": 19.0,
  "3_WEEK_1_EXPENSE_2_WHAT": "Food",
  "3_WEEK_1_EXPENSE_2_AMOUNT": 18.0,
  "3_WEEK_1_EXPENSE_3_WHAT": "Beer",
  "3_WEEK_1_EXPENSE_3_AMOUNT": 18.0,
  "3_WEEK_2_NUMBER": 4,
  "3_WEEK_2_EXPENSE_1_WHAT": "Car",
  "3_WEEK_2_EXPENSE_1_AMOUNT": 17.0,
  "3_WEEK_3_NUMBER": 5,
  "3_WEEK_3_EXPENSE_1_WHAT": "Beer",
  "3_WEEK_3_EXPENSE_1_AMOUNT": 14.0,
  "3_WEEK_3_EXPENSE_2_WHAT": "Car",
  "3_WEEK_3_EXPENSE_2_AMOUNT": 12.0,
  "3_WEEK_3_EXPENSE_3_WHAT": "Beer",
  "3_WEEK_3_EXPENSE_3_AMOUNT": 19.0,
  "3_WEEK_3_EXPENSE_4_WHAT": "Food"
}