{
  "web-app_servlet_1_servlet-name": "cofaxCDS",
  "web-app_servlet_1_servlet-class": "org.cofax.cds.CDSServlet",
  "web-app_servlet_1_init-param_configGlossary:installationAt": "Philadelphia, PA",
  "web-app_servlet_1_init-param_configGlossary:adminEmail": "ksm@pobox.com",
  "web-app_servlet_1_init-param_configGlossary:poweredBy": "Cofax",
  "web-app_servlet_1_init-param_configGlossary:poweredByIcon": "/images/cofax.gif",
  "web-app_servlet_1_init-param_configGlossary:staticPath": "/content/static",
  "web-app_servlet_1_init-param_templateProcessorClass": "org.cofax.WysiwygTemplate",
  "web-app_servlet_1_init-param_templateLoaderClass": "org.cofax.FilesTemplateLoader",
  "web-app_servlet_1_init-param_templatePath": "templates",
  "web-app_servlet_1_init-param_templateOverridePath": "",
  "web-app_servlet_1_init-param_defaultListTemplate": "listTemplate.htm",
  "web-app_servlet_1_init-param_defaultFileTemplate": "articleTemplate.htm",
  "web-app_servlet_1_init-param_useJSP": false,
  "web-app_servlet_1_init-param_jspListTemplate": "listTemplate.jsp",
  "web-app_servlet_1_init-param_jspFileTemplate": "articleTemplate.jsp",
  "web-app_servlet_1_init-param_cachePackageTagsTrack": 200,
  "web-app_servlet_1_init-param_cachePackageTagsStore": 200,
  "web-app_servlet_1_init-param_cachePackageTagsRefresh": 60,
  "web-app_servlet_1_init-param_cacheTemplatesTrack": 100,
  "web-app_servlet_1_init-param_cacheTemplatesStore": 50,
  "web-app_servlet_1_init-param_cacheTemplatesRefresh": 15,
  "web-app_servlet_1_init-param_cachePagesTrack": 200,
  "web-app_servlet_1_init-param_cachePagesStore": 100,
  "web-app_servlet_1_init-param_cachePagesRefresh": 10,
  "web-app_servlet_1_init-param_cachePagesDirtyRead": 10,
  "web-app_servlet_1_init-param_searchEngineListTemplate": "forSearchEnginesList.htm",
  "web-app_servlet_1_init-param_searchEngineFileTemplate": "forSearchEngines.htm",
  "web-app_servlet_1_init-param_searchEngineRobotsDb": "WEB-INF/robots.db",
  "web-app_servlet_1_init-param_useDataStore": true,
  "web-app_servlet_1_init-param_dataStoreClass": "org.cofax.SqlDataStore",
  "web-app_servlet_1_init-param_redirectionClass": "org.cofax.SqlRedirection",
  "web-app_servlet_1_init-param_dataStoreName": "cofax",
  "web-app_servlet_1_init-param_dataStoreDriver": "com.microsoft.jdbc.sqlserver.SQLServerDriver",
  "web-app_servlet_1_init-param_dataStoreUrl": "jdbc:microsoft:sqlserver://LOCALHOST:1433;DatabaseName=goon",
  "web-app_servlet_1_init-param_dataStoreUser": "sa",
  "web-app_servlet_1_init-param_dataStorePassword": "dataStoreTestQuery",
  "web-app_servlet_1_init-param_dataStoreTestQuery": "SET NOCOUNT ON;select test='test';",
  "web-app_servlet_1_init-param_dataStoreLogFile": "/usr/local/tomcat/logs/datastore.log",
  "web-app_servlet_1_init-param_dataStoreInitConns": 10,
  "web-app_servlet_1_init-param_dataStoreMaxConns": 100,
  "web-app_servlet_1_init-param_dataStoreConnUsageLimit": 100,
  "web-app_servlet_1_init-param_dataStoreLogLevel": "debug",
  "web-app_servlet_1_init-param_maxUrlLength": 500,
  "web-app_servlet_2_servlet-name": "cofaxEmail",
  "web-app_servlet_2_servlet-class": "org.cofax.cds.EmailServlet",
  "web-app_servlet_2_init-param_mailHost": "mail1",
  "web-app_servlet_2_init-param_mailHostOverride": "mail2",
  "web-app_servlet_3_servlet-name": "cofaxAdmin",
  "web-app_servlet_3_servlet-class": "org.cofax.cds.AdminServlet",
  "web-app_servlet_4_servlet-name": "fileServlet",
  "web-app_servlet_4_servlet-class": "org.cofax.cds.FileServlet",
  "web-app_servlet_5_servlet-name": "cofaxTools",
  "web-app_servlet_5_servlet-class": "org.cofax.cms.CofaxToolsServlet",
  "web-app_servlet_5_init-param_templatePath": "toolstemplates/",
  "web-app_servlet_5_init-param_log": 1,
  "web-app_servlet_5_init-param_logLocation": "/usr/local/tomcat/logs/CofaxTools.log",
  "web-app_servlet_5_init-param_logMaxSize": "",
  "web-app_servlet_5_init-param_dataLog": 1,
  "web-app_servlet_5_init-param_dataLogLocation": "/usr/local/tomcat/logs/dataLog.log",
  "web-app_servlet_5_init-param_dataLogMaxSize": "",
  "web-app_servlet_5_init-param_removePageCache": "/content/admin/remove?cache=pages&id=",
  "web-app_servlet_5_init-param_removeTemplateCache": "/content/admin/remove?cache=templates&id=",
  "web-app_servlet_5_init-param_fileTransferFolder": "/usr/local/tomcat/webapps/content/fileTransferFolder",
  "web-app_servlet_5_init-param_lookInContext": 1,
  "web-app_servlet_5_init-param_adminGroupID": 4,
  "web-app_servlet_5_init-param_betaServer": true,
  "web-app_servlet-mapping_cofaxCDS": "/",
  "web-app_servlet-mapping_cofaxEmail": "/cofaxutil/aemail/*",
  "web-app_servlet-mapping_cofaxAdmin": "/admin/*",
  "web-app_servlet-mapping_fileServlet": "/static/*",
  "web-app_servlet-mapping_cofaxTools": "/tools/*",
  "web-app_taglib_taglib-uri": "cofax.tld"
}