{
  "1_id": 4051,
  "1_name": "manoj",
  "1_email": "manoj@gmail.com",
  "1_password": "Test@123",
  "1_about": null,
  "1_token": "7f471974-ae46-4ac0-a882-1980c300c4d6",
  "1_country": null,
  "1_location": null,
  "1_lng": 0,
  "1_lat": 0,
  "1_dob": null,
  "1_gender": 0,
  "1_userType": 1,
  "1_userStatus": 1,
  "1_profilePicture": "Images/9b291404-bc2e-4806-88c5-08d29e65a5ad.png",
  "1_coverPicture": "Images/44af97d9-b8c9-4ec1-a099-010671db25b7.png",
  "1_enablefollowme": false,
  "1_sendmenotifications": false,
  "1_sendTextmessages": false,
  "1_enabletagging": false,
  "1_createdAt": "2020-01-01T11:13:27.1107739",
  "1_updatedAt": "2020-01-02T09:16:49.284864",
  "1_livelng": 77.389849,
  "1_livelat": 28.6282231,
  "1_liveLocation": "Unnamed Road, Chhijarsi, Sector 63, Noida, Uttar Pradesh 201307, India",
  "1_creditBalance": 127,
  "1_myCash": 0,
  "2_id": 4050,
  "2_name": "pankaj",
  "2_email": "p1@gmail.com",
  "2_password": "Test@123",
  "2_about": null,
  "2_token": "e269eeef-1de1-4438-885a-e30a9ad26106",
  "2_country": null,
  "2_location": null,
  "2_lng": 0,
  "2_lat": 0,
  "2_dob": null,
  "2_gender": 0,
  "2_userType": 1,
  "2_userStatus": 1,
  "2_profilePicture": null,
  "2_coverPicture": null,
  "2_enablefollowme": false,
  "2_sendmenotifications": false,
  "2_sendTextmessages": false,
  "2_enabletagging": false,
  "2_createdAt": "2020-01-01T07:39:34.1618239",
  "2_updatedAt": "2020-01-01T07:39:34.161824",
  "2_livelng": 0,
  "2_livelat": 0,
  "2_liveLocation": null,
  "2_creditBalance": 0,
  "2_myCash": 0,
  "3_id": 3050,
  "3_name": "Neeraj1993",
  "3_email": "neeraj.singh@adequateinfosoft.com",
  "3_password": "286956",
  "3_about": null,
  "3_token": "562c2fb5-6799-4b51-8733-a60564c96adc",
  "3_country": null,
  "3_location": null,
  "3_lng": 0,
  "3_lat": 0,
  "3_dob": null,
  "3_gender": 0,
  "3_userType": 1,
  "3_userStatus": 1,
  "3_profilePicture": null,
  "3_coverPicture": null,
  "3_enablefollowme": false,
  "3_sendmenotifications": false,
  "3_sendTextmessages": false,
  "3_enabletagging": false,
  "3_createdAt": "2019-12-27T10:16:05.6578091",
  "3_updatedAt": "2019-12-27T10:22:30.8416992",
  "3_livelng": 77.389849,
  "3_livelat": 28.6282231,
  "3_liveLocation": "Unnamed Road, Chhijarsi, Sector 63, Noida, Uttar Pradesh 201307, India",
  "3_creditBalance": 0,
  "3_myCash": 0,
  "4_id": 3049,
  "4_name": "Sophia",
  "4_email": "sophia@gmail.com",
  "4_password": "Test@123",
  "4_about": "Yo",
  "4_token": "f3bc9393-ad13-41a2-a69b-b607a42d829f",
  "4_country": null,
  "4_location": "18302 Lorance Trail, Little Rock, AR 72206, USA",
  "4_lng": 0,
  "4_lat": 0,
  "4_dob": "2019-12-19T11:54:19",
  "4_gender": 2,
  "4_userType": 1,
  "4_userStatus": 1,
  "4_profilePicture": null,
  "4_coverPicture": null,
  "4_enablefollowme": false,
  "4_sendmenotifications": false,
  "4_sendTextmessages": false,
  "4_enabletagging": false,
  "4_createdAt": "2019-12-26T07:36:22.3481221",
  "4_updatedAt": "2019-12-26T07:36:22.3481222",
  "4_livelng": 77.3674236,
  "4_livelat": 28.6260665,
  "4_liveLocation": "35, Block A, Industrial Area, Sector 62, Noida, Uttar Pradesh 201309, India",
  "4_creditBalance": 36,
  "4_myCash": 0,
  "5_id": 3048,
  "5_name": "Raju Prasad",
  "5_email": "raju.nsit@gmail.com",
  "5_password": "Raju@1234",
  "5_about": "Don't Quit Your Day Dream",
  "5_token": "b3eda104-0771-4804-8be2-0e6d7c16412d",
  "5_country": null,
  "5_location": "Karbala Rd, Block G, Sector 5, Dakshinpuri, New Delhi, Delhi 110044, India",
  "5_lng": 0,
  "5_lat": 0,
  "5_dob": "2019-12-01T01:55:34",
  "5_gender": 1,
  "5_userType": 1,
  "5_userStatus": 1,
  "5_profilePicture": "Images/291d0a5a-c8c2-45ac-b79f-cc04e0c6f31e.png",
  "5_coverPicture": "Images/7aa45b5d-3adf-4da0-a0fe-694f069e9049.png",
  "5_enablefollowme": true,
  "5_sendmenotifications": true,
  "5_sendTextmessages": true,
  "5_enabletagging": true,
  "5_createdAt": "2019-12-26T07:17:08.3460039",
  "5_updatedAt": "2019-12-26T14:27:00.4327446",
  "5_livelng": 77.3674236,
  "5_livelat": 28.6260665,
  "5_liveLocation": "35, Block A, Industrial Area, Sector 62, Noida, Uttar Pradesh 201309, India",
  "5_creditBalance": 5,
  "5_myCash": 0,
  "6_id": 3047,
  "6_name": "Ankiish Thapliyal",
  "6_email": "thapliyalankiish958@gmail.com",
  "6_password": "Test@1234",
  "6_about": "I failed many opportunities may times but I am the one who tries again and again every time with a smile.",
  "6_token": "caf070df-d2c2-4e99-ba06-9482ef5eb7ba",
  "6_country": null,
  "6_location": "Dehradun",
  "6_lng": 0,
  "6_lat": 0,
  "6_dob": "2019-12-31T03:02:48",
  "6_gender": 1,
  "6_userType": 1,
  "6_userStatus": 1,
  "6_profilePicture": "Images/0da0ca00-cfaf-41e8-ab39-cbff55ec64b3.png",
  "6_coverPicture": "Images/088fd182-2a2d-4a72-946d-a90d047e4557.png",
  "6_enablefollowme": true,
  "6_sendmenotifications": true,
  "6_sendTextmessages": true,
  "6_enabletagging": true,
  "6_createdAt": "2019-12-26T07:13:01.9262534",
  "6_updatedAt": "2019-12-30T11:11:00.4082038",
  "6_livelng": 77.3790036,
  "6_livelat": 28.630186199999997,
  "6_liveLocation": "Suite No. 203 H - 15 Rise tower, Sector 63, H Block, Sector 62, Noida, Uttar Pradesh 201301, India",
  "6_creditBalance": 167,
  "6_myCash": 0,
  "7_id": 3046,
  "7_name": "Aryan Thapliyal",
  "7_email": "ashithewarrior@gmail.com",
  "7_password": "Test@1234",
  "7_about": "Testing is required for an effective performance of software application or product. It's important to ensure that the application should not result into any failures because it can be very expensive in the future or in the later stages of the development",
  "7_token": "c8cb5636-cd01-4133-adac-360cecc710af",
  "7_country": null,
  "7_location": "Dehradun",
  "7_lng": 0,
  "7_lat": 0,
  "7_dob": "2019-12-01T05:20:43",
  "7_gender": 1,
  "7_userType": 1,
  "7_userStatus": 1,
  "7_profilePicture": "Images/8a8a93f3-5696-4387-84e5-ac632cc85ec1.png",
  "7_coverPicture": "Images/cdaf5fa5-e786-49a6-a1d5-453b532f3d8d.png",
  "7_enablefollowme": false,
  "7_sendmenotifications": false,
  "7_sendTextmessages": false,
  "7_enabletagging": false,
  "7_createdAt": "2019-12-26T07:10:53.2318238",
  "7_updatedAt": "2019-12-30T05:32:04.0700419",
  "7_livelng": 77.37901219999999,
  "7_livelat": 28.630237299999997,
  "7_liveLocation": "H15, H Block, Sector 63, Noida, Uttar Pradesh 201301, India",
  "7_creditBalance": 160,
  "7_myCash": 0,
  "8_id": 3045,
  "8_name": "shivam",
  "8_email": "shivam@gmail.com",
  "8_password": "Shivam@123",
  "8_about": null,
  "8_token": "59b6f0af-fc25-4a6b-b865-5fb29023c6df",
  "8_country": null,
  "8_location": null,
  "8_lng": 0,
  "8_lat": 0,
  "8_dob": null,
  "8_gender": 0,
  "8_userType": 1,
  "8_userStatus": 1,
  "8_profilePicture": "Images/da45be05-a363-4b27-bdf7-1a8c9a912ae1.png",
  "8_coverPicture": "Images/4885d2c3-3c86-4ed7-b28b-e1900d618724.png",
  "8_enablefollowme": false,
  "8_sendmenotifications": false,
  "8_sendTextmessages": false,
  "8_enabletagging": false,
  "8_createdAt": "2019-12-26T07:01:24.5014557",
  "8_updatedAt": "2019-12-26T07:02:16.9663295",
  "8_livelng": 77.3674236,
  "8_livelat": 28.6260665,
  "8_liveLocation": "35, Block A, Industrial Area, Sector 62, Noida, Uttar Pradesh 201309, India",
  "8_creditBalance": 11,
  "8_myCash": 0,
  "9_id": 3044,
  "9_name": "Navya Upadhyay",
  "9_email": "navya.adequate@gmail.com",
  "9_password": "navya2123",
  "9_about": null,
  "9_token": "0362f1b5-80be-4dff-bd40-c236c79561eb",
  "9_country": null,
  "9_location": null,
  "9_lng": 0,
  "9_lat": 0,
  "9_dob": null,
  "9_gender": 0,
  "9_userType": 1,
  "9_userStatus": 1,
  "9_profilePicture": null,
  "9_coverPicture": null,
  "9_enablefollowme": false,
  "9_sendmenotifications": false,
  "9_sendTextmessages": false,
  "9_enabletagging": false,
  "9_createdAt": "2019-12-26T06:53:22.1076016",
  "9_updatedAt": "2019-12-26T06:53:22.1076017",
  "9_livelng": 0,
  "9_livelat": 0,
  "9_liveLocation": null,
  "9_creditBalance": 5,
  "9_myCash": 0,
  "10_id": 3043,
  "10_name": "Ritu singh",
  "10_email": "ritusinghadequate@gmail.com",
  "10_password": "ritusingh1234",
  "10_about": null,
  "10_token": "a268517f-960a-418a-9c89-48708372702d",
  "10_country": null,
  "10_location": null,
  "10_lng": 0,
  "10_lat": 0,
  "10_dob": null,
  "10_gender": 0,
  "10_userType": 1,
  "10_userStatus": 1,
  "10_profilePicture": null,
  "10_coverPicture": null,
  "10_enablefollowme": false,
  "10_sendmenotifications": false,
  "10_sendTextmessages": false,
  "10_enabletagging": false,
  "10_createdAt": "2019-12-26T06:53:10.2343196",
  "10_updatedAt": "2019-12-26T06:53:10.2343197",
  "10_livelng": 0,
  "10_livelat": 0,
  "10_liveLocation": null,
  "10_creditBalance": 5,
  "10_myCash": 0,
  "11_id": 3042,
  "11_name": "faiz",
  "11_email": "faizadequate@gmail.com",
  "11_password": "Test@1234",
  "11_about": "I am who I am. Your approval is not needed.",
  "11_token": "33dd5829-0a01-4b3b-80d3-1a63a75b3436",
  "11_country": null,
  "11_location": "New Delhi",
  "11_lng": 0,
  "11_lat": 0,
  "11_dob": "2019-12-12T12:10:02",
  "11_gender": 1,
  "11_userType": 1,
  "11_userStatus": 1,
  "11_profilePicture": "Images/80cdd447-4a3a-483f-b222-86989cc3d37e.png",
  "11_coverPicture": "Images/1717f4f1-47e1-4f5f-9129-72d7933aa15a.png",
  "11_enablefollowme": false,
  "11_sendmenotifications": false,
  "11_sendTextmessages": false,
  "11_enabletagging": false,
  "11_createdAt": "2019-12-26T06:30:58.6524884",
  "11_updatedAt": "2019-12-30T06:57:19.58494",
  "11_livelng": 77.379012,
  "11_livelat": 28.630232,
  "11_liveLocation": "H15, H Block, Sector 63, Noida, Uttar Pradesh 201301, India",
  "11_creditBalance": 38,
  "11_myCash": 0,
  "12_id": 3041,
  "12_name": "Martin Wilson",
  "12_email": "ravencomputer667@gmail.com",
  "12_password": "martin@123",
  "12_about": "Travelers, ",
  "12_token": "18ceb759-241c-43d3-a9eb-5344ea2ef1d9",
  "12_country": null,
  "12_location": "Moorgate Station (Stop N), London EC2Y 5EJ, UK",
  "12_lng": 0,
  "12_lat": 0,
  "12_dob": "2019-12-11T12:29:13",
  "12_gender": 1,
  "12_userType": 1,
  "12_userStatus": 1,
  "12_profilePicture": "Images/023d1a36-ef5e-4248-a9a1-900069fe3f28.png",
  "12_coverPicture": "Images/0e773003-964f-42c8-b591-b33fa0563a85.png",
  "12_enablefollowme": true,
  "12_sendmenotifications": true,
  "12_sendTextmessages": false,
  "12_enabletagging": false,
  "12_createdAt": "2019-12-26T06:22:36.1180762",
  "12_updatedAt": "2019-12-26T06:29:14.6591852",
  "12_livelng": 0,
  "12_livelat": 0,
  "12_liveLocation": null,
  "12_creditBalance": 18,
  "12_myCash": 0,
  "13_id": 3040,
  "13_name": "Shweta Singh",
  "13_email": "amelia.claire.hi@gmail.com",
  "13_password": "Test@1234",
  "13_about": "What others think of me is none of my business.I’m the most awesome person I know.",
  "13_token": "e32b4e12-18f3-4fd0-9a3d-2021d8381dff",
  "13_country": null,
  "13_location": "India - Pakistan Border Rd, Bakhasar, Rajasthan 344706, India",
  "13_lng": 0,
  "13_lat": 0,
  "13_dob": "2019-12-02T11:47:56",
  "13_gender": 2,
  "13_userType": 1,
  "13_userStatus": 1,
  "13_profilePicture": "Images/085985b6-0662-4e1d-b5b4-20016d31514f.png",
  "13_coverPicture": "Images/7efb014a-f551-4702-b5af-2fe11cca2a88.png",
  "13_enablefollowme": false,
  "13_sendmenotifications": false,
  "13_sendTextmessages": false,
  "13_enabletagging": false,
  "13_createdAt": "2019-12-26T06:20:51.0353245",
  "13_updatedAt": "2019-12-30T06:24:31.9803752",
  "13_livelng": 77.3790045,
  "13_livelat": 28.630205699999998,
  "13_liveLocation": "Suite No. 203 H - 15 Rise tower, Sector 63, H Block, Sector 62, Noida, Uttar Pradesh 201301, India",
  "13_creditBalance": 77,
  "13_myCash": 0,
  "14_id": 3039,
  "14_name": "jagjit",
  "14_email": "jagjit.singh.adequate.36@gmail.com",
  "14_password": "Test@1234",
  "14_about": "Take a chance and live life to the fullest. When we are at our most daring is when we feel the most fulfillment.",
  "14_token": "1e150816-7075-4d6d-b3d6-eb1c0e415e61",
  "14_country": null,
  "14_location": "Delhi - Meerut Expy, Nai Basti Dundahera, Ghaziabad, Uttar Pradesh 201009, India",
  "14_lng": 0,
  "14_lat": 0,
  "14_dob": "2012-01-03T12:00:00",
  "14_gender": 1,
  "14_userType": 1,
  "14_userStatus": 1,
  "14_profilePicture": "Images/fe49d058-de88-4805-8e2d-0c002b090d15.png",
  "14_coverPicture": "Images/a3dc98f7-0754-4616-bbc0-0395e19bb899.png",
  "14_enablefollowme": false,
  "14_sendmenotifications": false,
  "14_sendTextmessages": false,
  "14_enabletagging": false,
  "14_createdAt": "2019-12-26T06:20:32.873132",
  "14_updatedAt": "2020-01-02T06:29:36.6383214",
  "14_livelng": 77.3790121,
  "14_livelat": 28.630189800000004,
  "14_liveLocation": "H15, H Block, Sector 63, Noida, Uttar Pradesh 201301, India",
  "14_creditBalance": 32,
  "14_myCash": 0,
  "15_id": 3038,
  "15_name": "Ashi 123",
  "15_email": "ashi123@gmail.com",
  "15_password": "Test@1234",
  "15_about": null,
  "15_token": "61a43ad3-02b3-4431-8c1b-1d29933147e1",
  "15_country": null,
  "15_location": null,
  "15_lng": 0,
  "15_lat": 0,
  "15_dob": null,
  "15_gender": 0,
  "15_userType": 1,
  "15_userStatus": 1,
  "15_profilePicture": null,
  "15_coverPicture": null,
  "15_enablefollowme": false,
  "15_sendmenotifications": false,
  "15_sendTextmessages": false,
  "15_enabletagging": false,
  "15_createdAt": "2019-12-26T05:30:27.4225101",
  "15_updatedAt": "2019-12-26T05:30:27.4225102",
  "15_livelng": 0,
  "15_livelat": 0,
  "15_liveLocation": null,
  "15_creditBalance": 0,
  "15_myCash": 0,
  "16_id": 3037,
  "16_name": "shivamvermaa4",
  "16_email": "shivam.vemaa4@gmail.com",
  "16_password": "Shivam@123",
  "16_about": null,
  "16_token": "97534ce9-5386-4b92-9741-fc1860bbcd1a",
  "16_country": null,
  "16_location": null,
  "16_lng": 0,
  "16_lat": 0,
  "16_dob": null,
  "16_gender": 0,
  "16_userType": 1,
  "16_userStatus": 1,
  "16_profilePicture": null,
  "16_coverPicture": null,
  "16_enablefollowme": false,
  "16_sendmenotifications": false,
  "16_sendTextmessages": false,
  "16_enabletagging": false,
  "16_createdAt": "2019-12-24T11:58:30.3613651",
  "16_updatedAt": "2019-12-24T11:58:30.3613651",
  "16_livelng": 77.389849,
  "16_livelat": 28.6282231,
  "16_liveLocation": "Unnamed Road, Chhijarsi, Sector 63, Noida, Uttar Pradesh 201307, India",
  "16_creditBalance": 10,
  "16_myCash": 0,
  "17_id": 3036,
  "17_name": "Sophia",
  "17_email": "n2@gmail.com",
  "17_password": "Test@123",
  "17_about": "WE",
  "17_token": "1ebfb0ac-7d98-43fb-ba41-0e40091c6071",
  "17_country": null,
  "17_location": "Saint-Louis-Strasse 3, 4056 Basel, Switzerland",
  "17_lng": 0,
  "17_lat": 0,
  "17_dob": "2019-12-18T03:18:47",
  "17_gender": 1,
  "17_userType": 1,
  "17_userStatus": 1,
  "17_profilePicture": "Images/f3f7694a-0de4-4598-b141-39ad550d1912.png",
  "17_coverPicture": "Images/ae9868ef-f87c-4cc2-8429-5cb46dba6cbd.png",
  "17_enablefollowme": false,
  "17_sendmenotifications": false,
  "17_sendTextmessages": false,
  "17_enabletagging": false,
  "17_createdAt": "2019-12-24T11:36:36.1739424",
  "17_updatedAt": "2019-12-26T09:48:57.2586835",
  "17_livelng": 77.389849,
  "17_livelat": 28.6282231,
  "17_liveLocation": "Unnamed Road, Chhijarsi, Sector 63, Noida, Uttar Pradesh 201307, India",
  "17_creditBalance": 45,
  "17_myCash": 0,
  "18_id": 3035,
  "18_name": "n1",
  "18_email": "n1@gmail.com",
  "18_password": "Test@123",
  "18_about": "An ordinary Bharitya",
  "18_token": "c40422ef-27ac-4e40-adf5-87403143dc99",
  "18_country": null,
  "18_location": "451 DERA THAKRAN HARIDWAR ROAD MAHANT BALBIR SINGH MARKET, Haridwar Road, Haridwar Rd, Chauda Bigha, Rishikesh, Uttarakhand 249201, India",
  "18_lng": 0,
  "18_lat": 0,
  "18_dob": "2019-12-17T12:33:26",
  "18_gender": 1,
  "18_userType": 1,
  "18_userStatus": 1,
  "18_profilePicture": "Images/4e60754a-e8a7-4db7-b266-f28b2bcf00ae.png",
  "18_coverPicture": "Images/9ca02453-ecfe-4852-9124-aa0595a9e692.png",
  "18_enablefollowme": false,
  "18_sendmenotifications": false,
  "18_sendTextmessages": false,
  "18_enabletagging": false,
  "18_createdAt": "2019-12-24T11:36:03.4815197",
  "18_updatedAt": "2020-01-02T07:20:34.2742376",
  "18_livelng": 77.389849,
  "18_livelat": 28.6282231,
  "18_liveLocation": "Unnamed Road, Chhijarsi, Sector 63, Noida, Uttar Pradesh 201307, India",
  "18_creditBalance": 187,
  "18_myCash": 0,
  "19_id": 3034,
  "19_name": "neha",
  "19_email": "neha@gmail.com",
  "19_password": "Test@123",
  "19_about": null,
  "19_token": "6aaaa999-8e14-40ca-b043-087624c48fd1",
  "19_country": null,
  "19_location": null,
  "19_lng": 0,
  "19_lat": 0,
  "19_dob": null,
  "19_gender": 0,
  "19_userType": 1,
  "19_userStatus": 1,
  "19_profilePicture": null,
  "19_coverPicture": null,
  "19_enablefollowme": false,
  "19_sendmenotifications": false,
  "19_sendTextmessages": false,
  "19_enabletagging": false,
  "19_createdAt": "2019-12-24T10:35:00.1292083",
  "19_updatedAt": "2019-12-24T10:35:00.1292083",
  "19_livelng": 77.3674236,
  "19_livelat": 28.6260665,
  "19_liveLocation": "35, Block A, Industrial Area, Sector 62, Noida, Uttar Pradesh 201309, India",
  "19_creditBalance": 53,
  "19_myCash": 0,
  "20_id": 3033,
  "20_name": "sanjay",
  "20_email": "sanjay@gmail.com",
  "20_password": "Test@123",
  "20_about": null,
  "20_token": "c9989beb-685a-41d7-b6de-77dd208979df",
  "20_country": null,
  "20_location": null,
  "20_lng": 0,
  "20_lat": 0,
  "20_dob": null,
  "20_gender": 0,
  "20_userType": 1,
  "20_userStatus": 1,
  "20_profilePicture": null,
  "20_coverPicture": null,
  "20_enablefollowme": false,
  "20_sendmenotifications": false,
  "20_sendTextmessages": false,
  "20_enabletagging": false,
  "20_createdAt": "2019-12-24T08:16:23.8466413",
  "20_updatedAt": "2019-12-24T08:16:23.8466414",
  "20_livelng": 77.3674236,
  "20_livelat": 28.6260665,
  "20_liveLocation": "35, Block A, Industrial Area, Sector 62, Noida, Uttar Pradesh 201309, India",
  "20_creditBalance": 81,
  "20_myCash": 0,
  "21_id": 3032,
  "21_name": "Akku2",
  "21_email": "akku2@gmail.com",
  "21_password": "zxcvbnm1",
  "21_about": null,
  "21_token": "12ac2112-c7b3-47d3-8d48-e839a1ce3955",
  "21_country": null,
  "21_location": null,
  "21_lng": 0,
  "21_lat": 0,
  "21_dob": null,
  "21_gender": 0,
  "21_userType": 1,
  "21_userStatus": 1,
  "21_profilePicture": null,
  "21_coverPicture": null,
  "21_enablefollowme": false,
  "21_sendmenotifications": false,
  "21_sendTextmessages": false,
  "21_enabletagging": false,
  "21_createdAt": "2019-12-24T07:30:32.9445148",
  "21_updatedAt": "2019-12-24T07:30:32.9445148",
  "21_livelng": 77.3790472,
  "21_livelat": 28.6302199,
  "21_liveLocation": "H15, H Block, Sector 63, Noida, Uttar Pradesh 201301, India",
  "21_creditBalance": 0,
  "21_myCash": 0,
  "22_id": 3031,
  "22_name": "Ashish Thapliyal",
  "22_email": "ashi1@gmail.com",
  "22_password": "Test@1234",
  "22_about": "I Am Who I Am, Your Approval Is Not Needed. I Was Reminded That My Blood Type Is Be Positive",
  "22_token": "8889db9b-01f6-4305-b07d-aecc516037bb",
  "22_country": null,
  "22_location": "NH34, Shatabdi Nagar, Rithani, Meerut, Uttar Pradesh 250103, India",
  "22_lng": 0,
  "22_lat": 0,
  "22_dob": "1996-10-22T12:00:00",
  "22_gender": 1,
  "22_userType": 1,
  "22_userStatus": 1,
  "22_profilePicture": "Images/fc8af47d-ef15-4c25-9d3f-a7a58c7444f9.png",
  "22_coverPicture": "Images/92d0e3d1-c075-4dd8-8e8c-196f30e1e689.png",
  "22_enablefollowme": true,
  "22_sendmenotifications": true,
  "22_sendTextmessages": true,
  "22_enabletagging": true,
  "22_createdAt": "2019-12-24T06:52:08.6757278",
  "22_updatedAt": "2020-01-02T06:30:51.6595305",
  "22_livelng": 77.3790169,
  "22_livelat": 28.6301942,
  "22_liveLocation": "H15, H Block, Sector 63, Noida, Uttar Pradesh 201301, India",
  "22_creditBalance": 206,
  "22_myCash": 0,
  "23_id": 3030,
  "23_name": "singh",
  "23_email": "singh@gmail.com",
  "23_password": "Test@123",
  "23_about": "jdfgjghjgf ",
  "23_token": "280a1f00-8597-4eee-8d46-9c8d5a120ac7",
  "23_country": null,
  "23_location": "Jg Halli Rd, Karnataka 577533, India",
  "23_lng": 0,
  "23_lat": 0,
  "23_dob": "2019-12-04T03:25:02",
  "23_gender": 1,
  "23_userType": 1,
  "23_userStatus": 1,
  "23_profilePicture": "Images/2f6c09a2-d758-45af-8724-e69a6b2eeed4.png",
  "23_coverPicture": "Images/4c997464-7384-4f26-bcab-ba6d0f1474b9.png",
  "23_enablefollowme": false,
  "23_sendmenotifications": false,
  "23_sendTextmessages": false,
  "23_enabletagging": false,
  "23_createdAt": "2019-12-24T06:32:23.0727945",
  "23_updatedAt": "2019-12-24T09:39:40.1944746",
  "23_livelng": 77.38982399999999,
  "23_livelat": 28.6285824,
  "23_liveLocation": "noidya sector 63 Vidya polymer, Chhijarsi, Sector 63, Noida, Uttar Pradesh 201307, India",
  "23_creditBalance": 30,
  "23_myCash": 0,
  "24_id": 3029,
  "24_name": "Akku Testing",
  "24_email": "akku1@gmail.com",
  "24_password": "zxcvbnm1",
  "24_about": "For some reason you've got \"bootstrap-sass\": \"^3.3.7\" so it looks like you are mixing Bootstrap versions and might be using Bootstrap 3, effectively.",
  "24_token": "7b0400eb-cd4f-45df-a8db-0c0871d46906",
  "24_country": null,
  "24_location": "Noida-Greater Noida Expressway, Amit Nagar, Sadarpur, Greater Noida, Uttar Pradesh, India",
  "24_lng": 0,
  "24_lat": 0,
  "24_dob": "2019-12-18T06:26:55",
  "24_gender": 2,
  "24_userType": 1,
  "24_userStatus": 1,
  "24_profilePicture": "Images/eba5299c-5405-45cc-ac33-ef725d3e7bec.png",
  "24_coverPicture": "Images/b1d0cff4-3f1f-4571-a638-1e1094eb86bb.png",
  "24_enablefollowme": true,
  "24_sendmenotifications": true,
  "24_sendTextmessages": true,
  "24_enabletagging": false,
  "24_createdAt": "2019-12-24T06:31:54.9038705",
  "24_updatedAt": "2019-12-24T13:00:12.9520741",
  "24_livelng": 77.3790246,
  "24_livelat": 28.6302159,
  "24_liveLocation": "H15, H Block, Sector 63, Noida, Uttar Pradesh 201301, India",
  "24_creditBalance": 161,
  "24_myCash": 0,
  "25_id": 3028,
  "25_name": "Aakankshi Gupta",
  "25_email": "aakankshi.cuminte@gmail.com",
  "25_password": "116331365713184193775",
  "25_about": null,
  "25_token": "c916c01f-5844-445b-9f5a-e60d77ecb620",
  "25_country": null,
  "25_location": null,
  "25_lng": 0,
  "25_lat": 0,
  "25_dob": null,
  "25_gender": 0,
  "25_userType": 1,
  "25_userStatus": 1,
  "25_profilePicture": "Images/9d38d28e-4021-4063-a703-821d1878a18c.png",
  "25_coverPicture": null,
  "25_enablefollowme": false,
  "25_sendmenotifications": false,
  "25_sendTextmessages": false,
  "25_enabletagging": false,
  "25_createdAt": "2019-12-16T06:56:43.320768",
  "25_updatedAt": "2019-12-16T06:56:43.3207681",
  "25_livelng": 77.37902439999999,
  "25_livelat": 28.630209599999997,
  "25_liveLocation": "H15, H Block, Sector 63, Noida, Uttar Pradesh 201301, India",
  "25_creditBalance": 0,
  "25_myCash": 0,
  "26_id": 3026,
  "26_name": "Manresh Chandra 5",
  "26_email": "manresh5@gmail.com",
  "26_password": "zxcvbnm1",
  "26_about": "about.me is a personal web hosting service co-founded by Ryan Freitas, Tony Conrad and Tim Young in October 2009.a",
  "26_token": "3c8ad706-9667-477a-adb6-3539f7b10a67",
  "26_country": null,
  "26_location": "Deák Ferenc tér",
  "26_lng": 0,
  "26_lat": 0,
  "26_dob": "2019-12-11T11:24:07",
  "26_gender": 3,
  "26_userType": 1,
  "26_userStatus": 1,
  "26_profilePicture": null,
  "26_coverPicture": null,
  "26_enablefollowme": true,
  "26_sendmenotifications": true,
  "26_sendTextmessages": true,
  "26_enabletagging": false,
  "26_createdAt": "2019-12-16T05:13:28.5717641",
  "26_updatedAt": "2019-12-16T05:13:28.5717641",
  "26_livelng": 77.3790338,
  "26_livelat": 28.630177699999997,
  "26_liveLocation": "H15, H Block, Sector 63, Noida, Uttar Pradesh 201301, India",
  "26_creditBalance": 0,
  "26_myCash": 0,
  "27_id": 3025,
  "27_name": "Manresh Chandra 4",
  "27_email": "manresh4@gmail.com",
  "27_password": "zxcvbnm1",
  "27_about": null,
  "27_token": "8131e59d-7c83-4024-9423-0639a5887b52",
  "27_country": null,
  "27_location": null,
  "27_lng": 0,
  "27_lat": 0,
  "27_dob": null,
  "27_gender": 0,
  "27_userType": 1,
  "27_userStatus": 1,
  "27_profilePicture": null,
  "27_coverPicture": null,
  "27_enablefollowme": false,
  "27_sendmenotifications": false,
  "27_sendTextmessages": false,
  "27_enabletagging": false,
  "27_createdAt": "2019-12-16T05:11:34.473505",
  "27_updatedAt": "2019-12-16T05:11:34.473505",
  "27_livelng": 0,
  "27_livelat": 0,
  "27_liveLocation": null,
  "27_creditBalance": 0,
  "27_myCash": 0,
  "28_id": 3024,
  "28_name": "Manresh Chandra 3",
  "28_email": "manresh3@gmail.com",
  "28_password": "zxcvbnm1",
  "28_about": null,
  "28_token": "dc752b59-3d36-4b07-bc5c-6cd5913bae83",
  "28_country": null,
  "28_location": null,
  "28_lng": 0,
  "28_lat": 0,
  "28_dob": null,
  "28_gender": 0,
  "28_userType": 1,
  "28_userStatus": 1,
  "28_profilePicture": null,
  "28_coverPicture": null,
  "28_enablefollowme": false,
  "28_sendmenotifications": false,
  "28_sendTextmessages": false,
  "28_enabletagging": false,
  "28_createdAt": "2019-12-16T05:03:39.4564421",
  "28_updatedAt": "2019-12-16T05:03:39.4564423",
  "28_livelng": 0,
  "28_livelat": 0,
  "28_liveLocation": null,
  "28_creditBalance": 3,
  "28_myCash": 0,
  "29_id": 3023,
  "29_name": "Manresh Chandra 2",
  "29_email": "manresh2@gmail.com",
  "29_password": "zxcvbnm1",
  "29_about": null,
  "29_token": "867f49f2-8af8-45bf-9bd5-28ec641d3c44",
  "29_country": null,
  "29_location": null,
  "29_lng": 0,
  "29_lat": 0,
  "29_dob": null,
  "29_gender": 0,
  "29_userType": 1,
  "29_userStatus": 1,
  "29_profilePicture": null,
  "29_coverPicture": null,
  "29_enablefollowme": false,
  "29_sendmenotifications": false,
  "29_sendTextmessages": false,
  "29_enabletagging": false,
  "29_createdAt": "2019-12-16T05:01:14.0246654",
  "29_updatedAt": "2019-12-16T05:01:14.0246654",
  "29_livelng": 0,
  "29_livelat": 0,
  "29_liveLocation": null,
  "29_creditBalance": 0,
  "29_myCash": 0,
  "30_id": 3022,
  "30_name": "Raju Prasad",
  "30_email": "raju.prasad@adequateinfosoft.com",
  "30_password": "Raju@1234",
  "30_about": null,
  "30_token": "58ecfd42-7f10-440e-8007-29c6fa524040",
  "30_country": null,
  "30_location": null,
  "30_lng": 0,
  "30_lat": 0,
  "30_dob": null,
  "30_gender": 0,
  "30_userType": 1,
  "30_userStatus": 1,
  "30_profilePicture": null,
  "30_coverPicture": null,
  "30_enablefollowme": false,
  "30_sendmenotifications": false,
  "30_sendTextmessages": false,
  "30_enabletagging": false,
  "30_createdAt": "2019-12-13T14:36:34.2151655",
  "30_updatedAt": "2019-12-13T14:36:34.2151655",
  "30_livelng": 0,
  "30_livelat": 0,
  "30_liveLocation": null,
  "30_creditBalance": 0,
  "30_myCash": 0,
  "31_id": 3021,
  "31_name": "Ashok Patel",
  "31_email": "ashoktest@gmail.com",
  "31_password": "ashokpatel457",
  "31_about": null,
  "31_token": "520302ff-b08d-445f-be70-11c02d257e7e",
  "31_country": null,
  "31_location": null,
  "31_lng": 0,
  "31_lat": 0,
  "31_dob": null,
  "31_gender": 0,
  "31_userType": 1,
  "31_userStatus": 1,
  "31_profilePicture": null,
  "31_coverPicture": null,
  "31_enablefollowme": false,
  "31_sendmenotifications": false,
  "31_sendTextmessages": false,
  "31_enabletagging": false,
  "31_createdAt": "2019-12-13T13:47:59.4288322",
  "31_updatedAt": "2019-12-13T13:47:59.4288322",
  "31_livelng": 0,
  "31_livelat": 0,
  "31_liveLocation": null,
  "31_creditBalance": 3,
  "31_myCash": 0,
  "32_id": 2021,
  "32_name": "manresh1",
  "32_email": "manresh1@gmail.com",
  "32_password": "zxcvbnm1",
  "32_about": null,
  "32_token": "9305e1c5-82e2-4a79-b0ca-37bb5880f505",
  "32_country": null,
  "32_location": null,
  "32_lng": 0,
  "32_lat": 0,
  "32_dob": null,
  "32_gender": 0,
  "32_userType": 1,
  "32_userStatus": 1,
  "32_profilePicture": null,
  "32_coverPicture": null,
  "32_enablefollowme": false,
  "32_sendmenotifications": false,
  "32_sendTextmessages": false,
  "32_enabletagging": false,
  "32_createdAt": "2019-12-13T13:17:31.2904215",
  "32_updatedAt": "2019-12-13T13:17:31.2904216",
  "32_livelng": 0,
  "32_livelat": 0,
  "32_liveLocation": null,
  "32_creditBalance": 2,
  "32_myCash": 0,
  "33_id": 2020,
  "33_name": "Manresh Chandra",
  "33_email": "manresh@gmail.com",
  "33_password": "zxcvbnm1",
  "33_about": "My Name is Manresh Chandra. I'm self Motivated Person. I considers mine a ‘forever student,’",
  "33_token": "bc370f5f-7d13-4fe6-9c2c-848198394f8a",
  "33_country": null,
  "33_location": null,
  "33_lng": 0,
  "33_lat": 0,
  "33_dob": null,
  "33_gender": 0,
  "33_userType": 1,
  "33_userStatus": 1,
  "33_profilePicture": null,
  "33_coverPicture": null,
  "33_enablefollowme": false,
  "33_sendmenotifications": false,
  "33_sendTextmessages": false,
  "33_enabletagging": false,
  "33_createdAt": "2019-12-13T07:08:47.9644619",
  "33_updatedAt": "2019-12-13T07:08:47.9644619",
  "33_livelng": 0,
  "33_livelat": 0,
  "33_liveLocation": null,
  "33_creditBalance": 3,
  "33_myCash": 0,
  "34_id": 2019,
  "34_name": "Test",
  "34_email": "aakankshi7@gmail.com",
  "34_password": "zxcvbnm1",
  "34_about": "test",
  "34_token": "5a1218d2-5d66-4255-9137-0f7e700bdcab",
  "34_country": null,
  "34_location": "Noida",
  "34_lng": 0,
  "34_lat": 0,
  "34_dob": "2019-11-12T00:00:00",
  "34_gender": 2,
  "34_userType": 1,
  "34_userStatus": 1,
  "34_profilePicture": null,
  "34_coverPicture": "Images/6f1437c7-7796-4d27-8b9a-041f3c5b86d4.png",
  "34_enablefollowme": false,
  "34_sendmenotifications": false,
  "34_sendTextmessages": false,
  "34_enabletagging": false,
  "34_createdAt": "2019-12-05T05:39:51.4928759",
  "34_updatedAt": "2019-12-05T06:41:24.107938",
  "34_livelng": 0,
  "34_livelat": 0,
  "34_liveLocation": null,
  "34_creditBalance": 2,
  "34_myCash": 0,
  "35_id": 2018,
  "35_name": "aakankshi6",
  "35_email": "aakankshi6@gmail.com",
  "35_password": "zxcvbnm1",
  "35_about": "A traveller without observation is a bird without wings . Life is a journey, not a destination. Never stop exploring",
  "35_token": "0ab8257f-7574-476d-b96f-508d3917af9b",
  "35_country": null,
  "35_location": "Noida",
  "35_lng": 0,
  "35_lat": 0,
  "35_dob": "2019-12-18T00:00:00",
  "35_gender": 3,
  "35_userType": 1,
  "35_userStatus": 1,
  "35_profilePicture": "Images/2e38c3c4-9e55-4b07-aedf-7e91934c167b.png",
  "35_coverPicture": "Images/938e342d-bd4e-4121-b222-9cb28f670d36.png",
  "35_enablefollowme": false,
  "35_sendmenotifications": false,
  "35_sendTextmessages": false,
  "35_enabletagging": false,
  "35_createdAt": "2019-12-05T05:16:04.4212331",
  "35_updatedAt": "2019-12-05T12:25:13.6221215",
  "35_livelng": 0,
  "35_livelat": 0,
  "35_liveLocation": null,
  "35_creditBalance": 0,
  "35_myCash": 0,
  "36_id": 2017,
  "36_name": "aakankshi5",
  "36_email": "aakankshi5@gmail.com",
  "36_password": "zxcvbnm1",
  "36_about": null,
  "36_token": "b6fcf970-3271-492b-866c-76238f126c3f",
  "36_country": null,
  "36_location": null,
  "36_lng": 0,
  "36_lat": 0,
  "36_dob": null,
  "36_gender": 0,
  "36_userType": 1,
  "36_userStatus": 1,
  "36_profilePicture": "Images/86652baa-c60c-4ef8-8d65-0fda9bde5ae9.png",
  "36_coverPicture": "Images/51e3fb5e-a9a6-4b3d-8da0-7e882d7774db.png",
  "36_enablefollowme": false,
  "36_sendmenotifications": false,
  "36_sendTextmessages": false,
  "36_enabletagging": false,
  "36_createdAt": "2019-12-05T05:06:49.1838089",
  "36_updatedAt": "2019-12-05T05:22:00.9403881",
  "36_livelng": 0,
  "36_livelat": 0,
  "36_liveLocation": null,
  "36_creditBalance": 1,
  "36_myCash": 0,
  "37_id": 2016,
  "37_name": "aakankshi4",
  "37_email": "aakankshi4@gmail.com",
  "37_password": "zxcvbnm1",
  "37_about": null,
  "37_token": "1b43db89-29a4-4966-ae57-86d705978dd3",
  "37_country": null,
  "37_location": null,
  "37_lng": 0,
  "37_lat": 0,
  "37_dob": null,
  "37_gender": 0,
  "37_userType": 1,
  "37_userStatus": 1,
  "37_profilePicture": "Images/3a369b02-20f5-46fc-b6d5-811c071d8afa.png",
  "37_coverPicture": "Images/7b23cd21-0474-473a-9b44-4bf97f67fba9.png",
  "37_enablefollowme": false,
  "37_sendmenotifications": false,
  "37_sendTextmessages": false,
  "37_enabletagging": false,
  "37_createdAt": "2019-12-05T05:04:21.8383669",
  "37_updatedAt": "2019-12-05T05:21:57.4139934",
  "37_livelng": 0,
  "37_livelat": 0,
  "37_liveLocation": null,
  "37_creditBalance": 0,
  "37_myCash": 0,
  "38_id": 2015,
  "38_name": "aakankshi3",
  "38_email": "aakankshi3@gmail.com",
  "38_password": "zxcvbnm1",
  "38_about": null,
  "38_token": "d65f85e3-0f8d-4c67-8de8-1546a7518cba",
  "38_country": null,
  "38_location": null,
  "38_lng": 0,
  "38_lat": 0,
  "38_dob": null,
  "38_gender": 0,
  "38_userType": 1,
  "38_userStatus": 1,
  "38_profilePicture": "Images/a855f15e-f3b5-4873-8fdd-49172f8d5d51.png",
  "38_coverPicture": "Images/77db74bd-6df5-4dd3-abcc-f021e6486521.png",
  "38_enablefollowme": false,
  "38_sendmenotifications": false,
  "38_sendTextmessages": false,
  "38_enabletagging": false,
  "38_createdAt": "2019-12-05T05:02:05.1655627",
  "38_updatedAt": "2019-12-05T05:21:54.2379269",
  "38_livelng": 0,
  "38_livelat": 0,
  "38_liveLocation": null,
  "38_creditBalance": 0,
  "38_myCash": 0,
  "39_id": 2014,
  "39_name": "Aakankshi 2",
  "39_email": "aakankshi2@gmail.com",
  "39_password": "zxcvbnm1",
  "39_about": "ewewrewrew",
  "39_token": "4e2923a9-b059-4dc9-8d92-ce0cffa84208",
  "39_country": null,
  "39_location": "Dada Dev Mandir Road",
  "39_lng": 0,
  "39_lat": 0,
  "39_dob": "2019-12-11T00:00:00",
  "39_gender": 0,
  "39_userType": 1,
  "39_userStatus": 1,
  "39_profilePicture": null,
  "39_coverPicture": null,
  "39_enablefollowme": true,
  "39_sendmenotifications": true,
  "39_sendTextmessages": true,
  "39_enabletagging": false,
  "39_createdAt": "2019-12-05T05:00:19.5034062",
  "39_updatedAt": "2019-12-05T05:00:19.5034063",
  "39_livelng": 77.3790249,
  "39_livelat": 28.6302141,
  "39_liveLocation": "H15, H Block, Sector 63, Noida, Uttar Pradesh 201301, India",
  "39_creditBalance": 5,
  "39_myCash": 0,
  "40_id": 2013,
  "40_name": "Aakankshi 1",
  "40_email": "aakankshi1@gmail.com",
  "40_password": "zxcvbnm1",
  "40_about": "foundations in psychology and sociology and stassy ",
  "40_token": "d7fa7194-5ac2-4e32-b11b-3792e5cc067c",
  "40_country": null,
  "40_location": "Delhi",
  "40_lng": 0,
  "40_lat": 0,
  "40_dob": "2019-12-26T06:12:30",
  "40_gender": 1,
  "40_userType": 1,
  "40_userStatus": 1,
  "40_profilePicture": null,
  "40_coverPicture": null,
  "40_enablefollowme": true,
  "40_sendmenotifications": true,
  "40_sendTextmessages": true,
  "40_enabletagging": true,
  "40_createdAt": "2019-12-05T04:38:32.7808454",
  "40_updatedAt": "2019-12-06T05:41:05.3597939",
  "40_livelng": 77.389849,
  "40_livelat": 28.6282231,
  "40_liveLocation": "Unnamed Road, Chhijarsi, Sector 63, Noida, Uttar Pradesh 201307, India",
  "40_creditBalance": 269,
  "40_myCash": 36,
  "41_id": 2012,
  "41_name": "Aakankshi Gupta",
  "41_email": "aakankshi@gmail.com",
  "41_password": "zxcvbnm1",
  "41_about": null,
  "41_token": "4c02ee6e-2cb5-4b75-888f-4adb7c790dad",
  "41_country": null,
  "41_location": null,
  "41_lng": 0,
  "41_lat": 0,
  "41_dob": null,
  "41_gender": 0,
  "41_userType": 1,
  "41_userStatus": 1,
  "41_profilePicture": null,
  "41_coverPicture": null,
  "41_enablefollowme": false,
  "41_sendmenotifications": false,
  "41_sendTextmessages": false,
  "41_enabletagging": false,
  "41_createdAt": "2019-12-05T04:35:42.6189131",
  "41_updatedAt": "2019-12-05T04:35:42.6189131",
  "41_livelng": 0,
  "41_livelat": 0,
  "41_liveLocation": null,
  "41_creditBalance": 3,
  "41_myCash": 0,
  "42_id": 2011,
  "42_name": "Aankashi",
  "42_email": "alokpatel@gmail.com",
  "42_password": "pankaj@123",
  "42_about": "its me",
  "42_token": "4516169a-58e3-4d04-a355-8c608be5d583",
  "42_country": null,
  "42_location": "New Delhi",
  "42_lng": 0,
  "42_lat": 0,
  "42_dob": "2019-12-05T00:00:00",
  "42_gender": 1,
  "42_userType": 1,
  "42_userStatus": 1,
  "42_profilePicture": "Images/9b0f8891-98ec-4b10-91b8-a9f8fbb6d108.png",
  "42_coverPicture": "Images/fe2c72d4-8eb6-47e6-9e8e-5d1e15e2b9ea.png",
  "42_enablefollowme": false,
  "42_sendmenotifications": false,
  "42_sendTextmessages": false,
  "42_enabletagging": false,
  "42_createdAt": "2019-11-30T05:36:52.1332523",
  "42_updatedAt": "2019-12-05T05:21:49.0948144",
  "42_livelng": 0,
  "42_livelat": 0,
  "42_liveLocation": null,
  "42_creditBalance": 4,
  "42_myCash": 0,
  "43_id": 2010,
  "43_name": "Test 10",
  "43_email": "test02@gmail.com",
  "43_password": "123456",
  "43_about": null,
  "43_token": "ba805b5d-f38f-4a33-9fcb-60f30923479d",
  "43_country": null,
  "43_location": null,
  "43_lng": 0,
  "43_lat": 0,
  "43_dob": null,
  "43_gender": 0,
  "43_userType": 1,
  "43_userStatus": 1,
  "43_profilePicture": null,
  "43_coverPicture": null,
  "43_enablefollowme": false,
  "43_sendmenotifications": false,
  "43_sendTextmessages": false,
  "43_enabletagging": false,
  "43_createdAt": "2019-11-27T10:41:07.8215121",
  "43_updatedAt": "2019-11-27T10:41:07.8215122",
  "43_livelng": 0,
  "43_livelat": 0,
  "43_liveLocation": null,
  "43_creditBalance": 3,
  "43_myCash": 0,
  "44_id": 2009,
  "44_name": "Test 9",
  "44_email": "test10@gmail.com",
  "44_password": "123456",
  "44_about": null,
  "44_token": "1fa26ffa-465e-499f-ae9d-3e36fb94a0ea",
  "44_country": null,
  "44_location": null,
  "44_lng": 0,
  "44_lat": 0,
  "44_dob": null,
  "44_gender": 0,
  "44_userType": 1,
  "44_userStatus": 1,
  "44_profilePicture": null,
  "44_coverPicture": null,
  "44_enablefollowme": false,
  "44_sendmenotifications": false,
  "44_sendTextmessages": false,
  "44_enabletagging": false,
  "44_createdAt": "2019-11-27T10:20:10.5816545",
  "44_updatedAt": "2019-11-27T10:20:10.5816545",
  "44_livelng": 0,
  "44_livelat": 0,
  "44_liveLocation": null,
  "44_creditBalance": 0,
  "44_myCash": 0,
  "45_id": 2008,
  "45_name": "Test 8",
  "45_email": "test3@test.com",
  "45_password": "123456",
  "45_about": null,
  "45_token": "822e8f5c-74ba-41f9-911e-9e5a47351dc5",
  "45_country": null,
  "45_location": null,
  "45_lng": 0,
  "45_lat": 0,
  "45_dob": null,
  "45_gender": 0,
  "45_userType": 1,
  "45_userStatus": 1,
  "45_profilePicture": null,
  "45_coverPicture": null,
  "45_enablefollowme": false,
  "45_sendmenotifications": false,
  "45_sendTextmessages": false,
  "45_enabletagging": false,
  "45_createdAt": "2019-11-27T10:09:42.6969868",
  "45_updatedAt": "2019-11-27T10:09:42.6969869",
  "45_livelng": 0,
  "45_livelat": 0,
  "45_liveLocation": null,
  "45_creditBalance": 0,
  "45_myCash": 0,
  "46_id": 2007,
  "46_name": "Neeraj Singh",
  "46_email": "neirajsingh100@gmail.com",
  "46_password": "100569704678350206382",
  "46_about": null,
  "46_token": "47d25887-1933-4cbc-a4eb-6cc829c9cad6",
  "46_country": null,
  "46_location": null,
  "46_lng": 0,
  "46_lat": 0,
  "46_dob": null,
  "46_gender": 0,
  "46_userType": 1,
  "46_userStatus": 1,
  "46_profilePicture": "/images/9c2dbeed-5ce9-4411-a549-255dc35da175.png",
  "46_coverPicture": "Images/d3cfe52d-93b0-4f35-87c9-d0c2f18f8daa.png",
  "46_enablefollowme": false,
  "46_sendmenotifications": false,
  "46_sendTextmessages": false,
  "46_enabletagging": false,
  "46_createdAt": "2019-11-26T12:42:18.6778716",
  "46_updatedAt": "2019-12-05T05:20:40.9827126",
  "46_livelng": 0,
  "46_livelat": 0,
  "46_liveLocation": null,
  "46_creditBalance": 2,
  "46_myCash": 0,
  "47_id": 2006,
  "47_name": "Hr. Niels Henriksen",
  "47_email": "contact@adequateinfosoft.com",
  "47_password": "354343138574152",
  "47_about": "i am software developer",
  "47_token": "347d684e-da9b-450e-bc94-cd5a99b04234",
  "47_country": null,
  "47_location": "Jaypee Greens Pari Chowk, Tugalpur Village, Greater Noida, Uttar Pradesh 201310, India",
  "47_lng": 0,
  "47_lat": 0,
  "47_dob": "2019-12-28T06:04:42",
  "47_gender": 1,
  "47_userType": 1,
  "47_userStatus": 1,
  "47_profilePicture": null,
  "47_coverPicture": "Images/ac6a163f-af9f-46db-8327-94ab870000f4.png",
  "47_enablefollowme": false,
  "47_sendmenotifications": false,
  "47_sendTextmessages": false,
  "47_enabletagging": false,
  "47_createdAt": "2019-11-26T05:58:34.894975",
  "47_updatedAt": "2019-12-05T05:20:37.5393081",
  "47_livelng": 77.3790241,
  "47_livelat": 28.6302086,
  "47_liveLocation": "H15, H Block, Sector 63, Noida, Uttar Pradesh 201301, India",
  "47_creditBalance": 11,
  "47_myCash": 0,
  "48_id": 2005,
  "48_name": "Test 6",
  "48_email": "pankajadequate@gmail.com",
  "48_password": "sndsjkdsaj161564sasa",
  "48_about": null,
  "48_token": "7a4ae2e1-5b65-4aad-96f0-43336fad5a3b",
  "48_country": null,
  "48_location": null,
  "48_lng": 0,
  "48_lat": 0,
  "48_dob": null,
  "48_gender": 0,
  "48_userType": 1,
  "48_userStatus": 1,
  "48_profilePicture": null,
  "48_coverPicture": "Images/b372a834-231a-4ea1-beef-5c3c3fb33ef2.png",
  "48_enablefollowme": false,
  "48_sendmenotifications": false,
  "48_sendTextmessages": false,
  "48_enabletagging": false,
  "48_createdAt": "2019-11-25T13:12:47.6690112",
  "48_updatedAt": "2019-12-05T05:20:34.2935856",
  "48_livelng": 0,
  "48_livelat": 0,
  "48_liveLocation": null,
  "48_creditBalance": 2,
  "48_myCash": 0,
  "49_id": 2004,
  "49_name": "Test 5",
  "49_email": "pankajws@gmail.com",
  "49_password": "Pankaj@123",
  "49_about": null,
  "49_token": "1fd08288-57aa-41d9-ae44-29fcbb0a78a6",
  "49_country": null,
  "49_location": null,
  "49_lng": 0,
  "49_lat": 0,
  "49_dob": null,
  "49_gender": 0,
  "49_userType": 1,
  "49_userStatus": 1,
  "49_profilePicture": null,
  "49_coverPicture": "Images/519c95d8-79d3-4d18-bac8-fc75b817eac9.png",
  "49_enablefollowme": false,
  "49_sendmenotifications": false,
  "49_sendTextmessages": false,
  "49_enabletagging": false,
  "49_createdAt": "2019-11-25T11:29:06.938541",
  "49_updatedAt": "2019-12-05T05:20:30.604524",
  "49_livelng": 0,
  "49_livelat": 0,
  "49_liveLocation": null,
  "49_creditBalance": 4,
  "49_myCash": 0,
  "50_id": 2,
  "50_name": "rajat Saxena",
  "50_email": "rajat.nirmal@gmail.com",
  "50_password": "test",
  "50_about": "abcd",
  "50_token": "00fb57db-10ad-4661-b3e0-7366c6698ac0",
  "50_country": null,
  "50_location": "3465",
  "50_lng": 8.7977,
  "50_lat": 5.8348759,
  "50_dob": "2019-11-17T16:56:35.8",
  "50_gender": 1,
  "50_userType": 1,
  "50_userStatus": 1,
  "50_profilePicture": "Images/0f0ab4a5-4f00-4275-b2dc-be3b157f5e53.png",
  "50_coverPicture": "Images/0153a968-6dd0-4c9c-9b92-8995e99985d3.png",
  "50_enablefollowme": false,
  "50_sendmenotifications": false,
  "50_sendTextmessages": false,
  "50_enabletagging": false,
  "50_createdAt": "2019-11-17T16:56:35.8",
  "50_updatedAt": "2019-12-05T05:21:02.1337931",
  "50_livelng": 0,
  "50_livelat": 0,
  "50_liveLocation": null,
  "50_creditBalance": 43,
  "50_myCash": 0,
  "51_id": 3,
  "51_name": "Pankaj Patel",
  "51_email": "Pankaj@gmail.com",
  "51_password": "123456",
  "51_about": null,
  "51_token": "f6b4bcc8-448b-4b65-84cb-48e9569c5cfe",
  "51_country": null,
  "51_location": null,
  "51_lng": 0,
  "51_lat": 0,
  "51_dob": null,
  "51_gender": 0,
  "51_userType": 1,
  "51_userStatus": 1,
  "51_profilePicture": "Images/0eff867e-62ec-43a7-a535-7e83b6b27a30.png",
  "51_coverPicture": "Images/4bbe816b-a60c-419f-a87b-34508c633d30.png",
  "51_enablefollowme": false,
  "51_sendmenotifications": false,
  "51_sendTextmessages": false,
  "51_enabletagging": false,
  "51_createdAt": "0001-01-01T00:00:00",
  "51_updatedAt": "2019-12-05T13:25:01.977078",
  "51_livelng": 0,
  "51_livelat": 0,
  "51_liveLocation": null,
  "51_creditBalance": 62,
  "51_myCash": 0,
  "52_id": 1003,
  "52_name": "Test 2",
  "52_email": "pankajabc@gmail.com",
  "52_password": "Pankaj@123",
  "52_about": "An ordinary bhartiya..",
  "52_token": "c8f53478-4cfb-4382-8531-b44b6d20cd8c",
  "52_country": null,
  "52_location": "Jaipur Engineering College Rd, Kukas, Rajasthan 302028, India",
  "52_lng": 0,
  "52_lat": 0,
  "52_dob": "2019-12-31T11:06:38",
  "52_gender": 2,
  "52_userType": 1,
  "52_userStatus": 1,
  "52_profilePicture": "Images/07cac01f-2a12-4125-ba8b-8eff42333925.png",
  "52_coverPicture": "Images/db6fce41-9924-4c78-9099-c2890e6f0cac.png",
  "52_enablefollowme": false,
  "52_sendmenotifications": false,
  "52_sendTextmessages": false,
  "52_enabletagging": false,
  "52_createdAt": "0001-01-01T00:00:00",
  "52_updatedAt": "2019-12-23T13:43:27.5816869",
  "52_livelng": 77.389849,
  "52_livelat": 28.6282231,
  "52_liveLocation": "Unnamed Road, Chhijarsi, Sector 63, Noida, Uttar Pradesh 201307, India",
  "52_creditBalance": 16,
  "52_myCash": 0,
  "53_id": 1004,
  "53_name": "Test 2",
  "53_email": "pankajabcd@gmail.com",
  "53_password": "Pankaj@123",
  "53_about": null,
  "53_token": "3f92cdef-1d8a-4f08-8468-9938dc9284ce",
  "53_country": null,
  "53_location": null,
  "53_lng": 0,
  "53_lat": 0,
  "53_dob": null,
  "53_gender": 0,
  "53_userType": 1,
  "53_userStatus": 1,
  "53_profilePicture": null,
  "53_coverPicture": "Images/7da06d0e-e110-44e9-b417-4b014fe8a889.png",
  "53_enablefollowme": false,
  "53_sendmenotifications": false,
  "53_sendTextmessages": false,
  "53_enabletagging": false,
  "53_createdAt": "0001-01-01T00:00:00",
  "53_updatedAt": "2019-12-05T05:19:23.3650433",
  "53_livelng": 77.3674236,
  "53_livelat": 28.6260665,
  "53_liveLocation": "35, Block A, Industrial Area, Sector 62, Noida, Uttar Pradesh 201309, India",
  "53_creditBalance": 3,
  "53_myCash": 0,
  "54_id": 1005,
  "54_name": "Test 3",
  "54_email": "test@test.com",
  "54_password": "123456",
  "54_about": null,
  "54_token": "cc2ed6c5-0a59-4aca-9b8e-a686e0a4fa03",
  "54_country": null,
  "54_location": null,
  "54_lng": 0,
  "54_lat": 0,
  "54_dob": null,
  "54_gender": 0,
  "54_userType": 1,
  "54_userStatus": 1,
  "54_profilePicture": null,
  "54_coverPicture": "Images/6d9afca5-3e79-4979-9091-a83d8df7b388.png",
  "54_enablefollowme": false,
  "54_sendmenotifications": false,
  "54_sendTextmessages": false,
  "54_enabletagging": false,
  "54_createdAt": "0001-01-01T00:00:00",
  "54_updatedAt": "2019-12-05T05:19:29.704463",
  "54_livelng": 0,
  "54_livelat": 0,
  "54_liveLocation": null,
  "54_creditBalance": 44,
  "54_myCash": 0,
  "55_id": 1006,
  "55_name": "Test 4",
  "55_email": "test1@test.com",
  "55_password": "123456",
  "55_about": null,
  "55_token": "f33f3325-bb08-41a5-b545-d2b5c443720f",
  "55_country": null,
  "55_location": null,
  "55_lng": 0,
  "55_lat": 0,
  "55_dob": null,
  "55_gender": 0,
  "55_userType": 1,
  "55_userStatus": 1,
  "55_profilePicture": "Images/b3f2677f-10a8-46e6-8d48-cfba2cc1e0b5.png",
  "55_coverPicture": "Images/e9845113-f874-469d-8e89-53a86f351887.png",
  "55_enablefollowme": false,
  "55_sendmenotifications": false,
  "55_sendTextmessages": false,
  "55_enabletagging": false,
  "55_createdAt": "0001-01-01T00:00:00",
  "55_updatedAt": "2019-12-05T05:22:11.8963884",
  "55_livelng": 0,
  "55_livelat": 0,
  "55_liveLocation": null,
  "55_creditBalance": 1
}