{
	"age": 23,
    "eyeColor": "brown",
    "name": "Lara Lynch",
	"data": [
	  {
		"balance": "$1,922.25",
		"picture": "http://placehold.it/32x32",
		"age": 23,
		"eyeColor": "brown",
		"name": "Lara Lynch",
		"tags": [
		  "labore",
		  "mollit",
		  "consectetur",
		  "irure",
		  "aliqua",
		  "labore",
		  "ullamco"
		],
		"friends": [
		  {
			"id": 0,
			"name": "Jami Navarro",
			"friends": [
			  {
				"id": 0,
				"name": "Tammie Hancock"
			  },
			  {
				"id": 1,
				"name": "Butler Tran"
			  },
			  {
				"id": 2,
				"name": "Jewell Morgan"
			  }
			]
		  },
		  {
			"id": 1,
			"name": "Guerra Bond",
			"friends": [
			  {
				"id": 0,
				"name": "Mcfadden Witt"
			  },
			  {
				"id": 1,
				"name": "Shelley Nicholson"
			  },
			  {
				"id": 2,
				"name": "Jane Spears"
			  }
			]
		  },
		  {
			"id": 2,
			"name": "Hays Roy",
			"friends": [
			  {
				"id": 0,
				"name": "Hickman Maynard"
			  },
			  {
				"id": 1,
				"name": "Joan Barlow"
			  },
			  {
				"id": 2,
				"name": "Garcia Monroe"
			  }
			]
		  }
		],
		"greeting": "Hello, Lara Lynch! You have 1 unread messages.",
		"favoriteFruit": "apple"
	  },
	  {
		"balance": "$2,486.17",
		"picture": "http://placehold.it/32x32",
		"age": 39,
		"eyeColor": "green",
		"name": "Mckee Huber",
		"tags": [
		  "sit",
		  "magna",
		  "qui",
		  "quis",
		  "quis",
		  "ipsum",
		  "incididunt"
		],
		"friends": [
		  {
			"id": 0,
			"name": "Ballard Ramirez",
			"friends": [
			  {
				"id": 0,
				"name": "Pearlie Wolfe"
			  },
			  {
				"id": 1,
				"name": "Espinoza Rice"
			  },
			  {
				"id": 2,
				"name": "Jeannette Salazar"
			  }
			]
		  },
		  {
			"id": 1,
			"name": "Rachelle Mcdowell",
			"friends": [
			  {
				"id": 0,
				"name": "Jeanine Burks"
			  },
			  {
				"id": 1,
				"name": "Reid Acosta"
			  },
			  {
				"id": 2,
				"name": "Kent Erickson"
			  }
			]
		  },
		  {
			"id": 2,
			"name": "Klein Case",
			"friends": [
			  {
				"id": 0,
				"name": "Dollie West"
			  },
			  {
				"id": 1,
				"name": "Langley Griffin"
			  },
			  {
				"id": 2,
				"name": "Angelia Stewart"
			  }
			]
		  }
		],
		"greeting": "Hello, Mckee Huber! You have 2 unread messages.",
		"favoriteFruit": "strawberry"
	  },
	  {
		"balance": "$3,962.30",
		"picture": "http://placehold.it/32x32",
		"age": 32,
		"eyeColor": "blue",
		"name": "Wilder Vinson",
		"tags": [
		  "sunt",
		  "do",
		  "sint",
		  "amet",
		  "laborum",
		  "pariatur",
		  "ex"
		],
		"friends": [
		  {
			"id": 0,
			"name": "Bridges Wilson",
			"friends": [
			  {
				"id": 0,
				"name": "Marylou Hyde"
			  },
			  {
				"id": 1,
				"name": "Olga Cortez"
			  },
			  {
				"id": 2,
				"name": "Jessie George"
			  }
			]
		  },
		  {
			"id": 1,
			"name": "Mendez Slater",
			"friends": [
			  {
				"id": 0,
				"name": "Gay Orr"
			  },
			  {
				"id": 1,
				"name": "Renee Calderon"
			  },
			  {
				"id": 2,
				"name": "Ann Moss"
			  }
			]
		  },
		  {
			"id": 2,
			"name": "Olivia Bentley",
			"friends": [
			  {
				"id": 0,
				"name": "Sherri Lee"
			  },
			  {
				"id": 1,
				"name": "Tanya Stark"
			  },
			  {
				"id": 2,
				"name": "Battle Petty"
			  }
			]
		  }
		],
		"greeting": "Hello, Wilder Vinson! You have 8 unread messages.",
		"favoriteFruit": "banana"
	  },
	  {
		"balance": "$3,907.37",
		"picture": "http://placehold.it/32x32",
		"age": 35,
		"eyeColor": "brown",
		"name": "Baxter Ellison",
		"tags": [
		  "tempor",
		  "excepteur",
		  "duis",
		  "qui",
		  "ullamco",
		  "quis",
		  "ea"
		],
		"friends": [
		  {
			"id": 0,
			"name": "Meagan Rowland",
			"friends": [
			  {
				"id": 0,
				"name": "Stewart Durham"
			  },
			  {
				"id": 1,
				"name": "Dean Norton"
			  },
			  {
				"id": 2,
				"name": "Lewis Bryan"
			  }
			]
		  },
		  {
			"id": 1,
			"name": "Dyer Holcomb",
			"friends": [
			  {
				"id": 0,
				"name": "Peterson Santana"
			  },
			  {
				"id": 1,
				"name": "Mccall Rollins"
			  },
			  {
				"id": 2,
				"name": "Mavis Trujillo"
			  }
			]
		  },
		  {
			"id": 2,
			"name": "Gross Byrd",
			"friends": [
			  {
				"id": 0,
				"name": "Huff Rodgers"
			  },
			  {
				"id": 1,
				"name": "Sheri Harrison"
			  },
			  {
				"id": 2,
				"name": "Adkins Conley"
			  }
			]
		  }
		],
		"greeting": "Hello, Baxter Ellison! You have 5 unread messages.",
		"favoriteFruit": "apple"
	  },
	  {
		"balance": "$3,428.33",
		"picture": "http://placehold.it/32x32",
		"age": 35,
		"eyeColor": "green",
		"name": "Hawkins Bradford",
		"tags": [
		  "fugiat",
		  "tempor",
		  "laborum",
		  "voluptate",
		  "culpa",
		  "nulla",
		  "ex"
		],
		"friends": [
		  {
			"id": 0,
			"name": "Huffman Small",
			"friends": [
			  {
				"id": 0,
				"name": "Robert Hammond"
			  },
			  {
				"id": 1,
				"name": "Johnson Meyers"
			  },
			  {
				"id": 2,
				"name": "Mccullough Pena"
			  }
			]
		  },
		  {
			"id": 1,
			"name": "Darcy Davenport",
			"friends": [
			  {
				"id": 0,
				"name": "Juarez Miranda"
			  },
			  {
				"id": 1,
				"name": "Newman Rivas"
			  },
			  {
				"id": 2,
				"name": "Amber Walls"
			  }
			]
		  },
		  {
			"id": 2,
			"name": "Taylor Stafford",
			"friends": [
			  {
				"id": 0,
				"name": "Rowe Glenn"
			  },
			  {
				"id": 1,
				"name": "Angel Heath"
			  },
			  {
				"id": 2,
				"name": "Ruth Frost"
			  }
			]
		  }
		],
		"greeting": "Hello, Hawkins Bradford! You have 9 unread messages.",
		"favoriteFruit": "strawberry"
	  },
	  {
		"balance": "$3,072.65",
		"picture": "http://placehold.it/32x32",
		"age": 40,
		"eyeColor": "brown",
		"name": "Lucy Kirby",
		"tags": [
		  "nulla",
		  "voluptate",
		  "minim",
		  "veniam",
		  "ea",
		  "culpa",
		  "aliqua"
		],
		"friends": [
		  {
			"id": 0,
			"name": "Marisa Albert",
			"friends": [
			  {
				"id": 0,
				"name": "Morgan Weber"
			  },
			  {
				"id": 1,
				"name": "Joni Whitehead"
			  },
			  {
				"id": 2,
				"name": "Allyson Simpson"
			  }
			]
		  },
		  {
			"id": 1,
			"name": "Kramer Calhoun",
			"friends": [
			  {
				"id": 0,
				"name": "Zamora Browning"
			  },
			  {
				"id": 1,
				"name": "Petty Hartman"
			  },
			  {
				"id": 2,
				"name": "Tyson Serrano"
			  }
			]
		  },
		  {
			"id": 2,
			"name": "Elnora Saunders",
			"friends": [
			  {
				"id": 0,
				"name": "Mcneil Morales"
			  },
			  {
				"id": 1,
				"name": "Walter Beach"
			  },
			  {
				"id": 2,
				"name": "Karyn Frederick"
			  }
			]
		  }
		],
		"greeting": "Hello, Lucy Kirby! You have 3 unread messages.",
		"favoriteFruit": "apple"
	  },
	  {
    "balance": "$2,170.62",
    "picture": "http://placehold.it/32x32",
    "age": 23,
    "eyeColor": "green",
    "name": "Lily Guzman",
    "tags": [
      "est",
      "incididunt",
      "irure",
      "enim",
      "officia",
      "nulla",
      "occaecat"
    ],
    "friends": [
      {
        "id": 0,
        "name": "Marla Bruce",
        "friends": [
          {
            "id": 0,
            "name": "Gaines Fulton"
          },
          {
            "id": 1,
            "name": "Hardy Santos"
          },
          {
            "id": 2,
            "name": "Terry Delgado"
          }
        ]
      },
      {
        "id": 1,
        "name": "Shepard Glover",
        "friends": [
          {
            "id": 0,
            "name": "Dorthy Mills"
          },
          {
            "id": 1,
            "name": "Martina White"
          },
          {
            "id": 2,
            "name": "Constance Roman"
          }
        ]
      },
      {
        "id": 2,
        "name": "Bernadette Anderson",
        "friends": [
          {
            "id": 0,
            "name": "Schmidt Lester"
          },
          {
            "id": 1,
            "name": "Pitts Oliver"
          },
          {
            "id": 2,
            "name": "Valentine Sosa"
          }
        ]
      }
    ],
    "greeting": "Hello, Lily Guzman! You have 4 unread messages.",
    "favoriteFruit": "banana"
  }
  ]
}