{
	"data": [
	  {
		"Prop1": "$1,922.25",
		"Prop2": "http://placehold.it/32x32",
		"Prop3": 23,
		"Prop4": [
		  "labore",
		  "mollit",
		  "consectetur",
		  "irure",
		  "aliqua",
		  "labore",
		  "ullamco"
		],
		"Prop5": [
		  {
			"Prop6": 0,
			"Prop7": "Jami Navarro",
			"Prop8": [
			  {
				"Prop9": 0,
				"Prop10": "Tammie Hancock"
			  },
			  {
				"Prop9": 1,
				"Prop10": "Butler Tran"
			  },
			  {
				"Prop9": 2,
				"Prop10": "Jewell Morgan"
			  }
			]
		  }
		],
		"Prop11": [
			  {
				"Prop12": 100,
				"Prop13": "Tammie Hancock2"
			  },
			  {
				"Prop12": 101,
				"Prop13": "Butler Tran2"
			  },
			  {
				"Prop12": 102,
				"Prop13": "Jewell Morgan2"
			  }
			],
		"Prop14": "Hello, Lara Lynch! You have 1 unread messages.",
		"Prop15": "apple"
	  },
	  {
		"Prop1": "$1,922.25",
		"Prop3": 23,
		"Prop4": [
		  "labore",
		  "mollit",
		  "consectetur",
		  "irure",
		  "aliqua",
		  "labore",
		  "ullamco"
		],
		"Prop5": [
		  {
			"Prop6": 0,
			"Prop7": "Jami Navarro",
			"Prop8": [
			  {
				"Prop9": 0,
				"Prop10": "Tammie Hancock"
			  },
			  {
				"Prop9": 1,
				"Prop10": "Butler Tran"
			  }
			]
		  }
		],
		"Prop11": [
			  {
				"Prop12": 100,
				"Prop13": "Tammie Hancock2"
			  },
			  {
				"Prop12": 101,
				"Prop13": "Butler Tran2"
			  }
			],
		"Prop15": "apple"
	  }
  ],
	"Prop16": 23,
    "Prop17": "brown",
    "Prop18": "Lara Lynch"
}