[
  {
    "WHO": "Joe",
    "WEEK": [
      {
        "NUMBER": 3,
        "EXPENSE": [
          {
            "WHAT": "Beer",
            "AMOUNT": 18.00
          },
          {
            "WHAT": "Food",
            "AMOUNT": 12.00
          },
          {
            "WHAT": "Food",
            "AMOUNT": 19.00
          },
          {
            "WHAT": "Car",
            "AMOUNT": 20.00
          }
        ]
      },
      {
        "NUMBER": 4,
        "EXPENSE": [
          {
            "WHAT": "Beer",
            "AMOUNT": 19.00
          },
          {
            "WHAT": "Beer",
            "AMOUNT": 16.00
          },
          {
            "WHAT": "Food",
            "AMOUNT": 17.00
          },
          {
            "WHAT": "Food",
            "AMOUNT": 17.00
          },
          {
            "WHAT": "Beer",
            "AMOUNT": 14.00
          }
        ]
      },
      {
        "NUMBER": 5,
        "EXPENSE": [
          {
            "WHAT": "Beer",
            "AMOUNT": 14.00
          },
          {
            "WHAT": "Food",
            "AMOUNT": 12.00
          }
        ]
      }
    ]
  },
  {
    "WHO": "Beth",
    "WEEK": [
      {
        "NUMBER": 3,
        "EXPENSE": [
          {
            "WHAT": "Beer",
            "AMOUNT": 16.00
          }
        ]
      },
      {
        "NUMBER": 4,
        "EXPENSE": [
          {
            "WHAT": "Food",
            "AMOUNT": 17.00
          },
          {
            "WHAT": "Beer",
            "AMOUNT": 15.00
          }
        ]
      },
      {
        "NUMBER": 5,
        "EXPENSE": [
          {
            "WHAT": "Food",
            "AMOUNT": 12.00
          },
          {
            "WHAT": "Beer",
            "AMOUNT": 20.00
          }
        ]
      }
    ]
  },
  {
    "WHO": "Janet",
    "WEEK": [
      {
        "NUMBER": 3,
        "EXPENSE": [
          {
            "WHAT": "Car",
            "AMOUNT": 19.00
          },
          {
            "WHAT": "Food",
            "AMOUNT": 18.00
          },
          {
            "WHAT": "Beer",
            "AMOUNT": 18.00
          }
        ]
      },
      {
        "NUMBER": 4,
        "EXPENSE": [
          {
            "WHAT": "Car",
            "AMOUNT": 17.00
          }
        ]
      },
      {
        "NUMBER": 5,
        "EXPENSE": [
          {
            "WHAT": "Beer",
            "AMOUNT": 14.00
          },
          {
            "WHAT": "Car",
            "AMOUNT": 12.00
          },
          {
            "WHAT": "Beer",
            "AMOUNT": 19.00
          },
          {
            "WHAT": "Food",
            "AMOUNT": 12.00
          }
        ]
      }
    ]
  }
]