{
    "id": 2623,
    "name": {
        "a": 39,
        "b": 0.49053320637463277,
        "c": "cai5z+A=",
        "name": "22"
    },
    "children": [
        {
            "id": 3742,
            "name": {
                "a": 37,
                "b": 0.19319664789046936,
                "c": "Me/KKPY=",
                "name": "50"
            },
            "children": [
                {
                    "id": 1551,
                    "name": {
                        "a": 47,
                        "b": 0.6935373953047849,
                        "c": "qkGkMwY=",
                        "name": "9"
                    },
                    "children": []
                },
                {
                    "id": 4087,
                    "name": {
                        "a": 5,
                        "b": 0.42905938319352427,
                        "c": "VQ+yH6o=",
                        "name": "84"
                    },
                    "children": []
                },
                {
                    "id": 614,
                    "name": {
                        "a": 19,
                        "b": 0.7610801005554758,
                        "c": "czjTK1s=",
                        "name": "11"
                    },
                    "children": []
                }
            ]
        },
        {
            "id": 3382,
            "name": {
                "a": 9,
                "b": 0.36416331043660793,
                "c": "lnoHrd0=",
                "name": "59"
            },
            "children": [
                {
                    "id": 4354,
                    "name": {
                        "a": 17,
                        "b": 0.8741648112769075,
                        "c": "CD2i2I0=",
                        "name": "24"
                    },
                    "children": []
                },
                {
                    "id": 2533,
                    "name": {
                        "a": 52,
                        "b": 0.8839575992356788,
                        "c": "BxFEzVI="
                        "name": "60"
                    },
                    "children": []
                },
                {
                    "id": 5733,
                    "name": {
                        "a": 4,
                        "b": 0.7230552787534219,
                        "c": "Un7lJGM=",
                        "name": "30"
                    },
                    "children": []
                }
            ]
        },
        {
            "id": 9614,
            "name": {
                "a": 81,
                "b": 0.4015882813379114,
                "c": "dKgyRZk=",
                "name": "63"
            },
            "children": [
                {
                    "id": 7831,
                    "name": {
                        "a": 81,
                        "b": 0.2784254314743101,
                        "c": "xZur64o=",
                        "name": "94"
                    },
                    "children": []
                },
                {
                    "id": 6293,
                    "name": {
                        "a": 73,
                        "b": 0.32629523068959604,
                        "c": "lMkosP4=",
                        "name": "93"
                    },
                    "children": []
                },
                {
                    "id": 5253,
                    "name": {
                        "a": 13,
                        "b": 0.19240453242901923,
                        "c": "oOPZ3tA=",
                        "name": "5"
                    },
                    "children": []
                }
            ]
        }
    ]
}